conversation_id,turn_index,speaker,timestamp,text
C00372,0,agent,2026-09-06T15:38:36,turno sintético 0
C00362,0,agent,2026-09-05T15:29:31,turno sintético 0
C00204,1,customer,2026-09-01T18:40:12,turno sintético 1
C00598,8,agent,2026-08-25T18:42:53,turno sintético 8
C00123,4,agent,2026-09-02T12:51:21,turno sintético 4
C00241,1,customer,2026-08-20T17:39:02,turno sintético 1
C00298,1,customer,2026-08-01T16:21:54,turno sintético 1
C00426,8,agent,2026-08-16T13:16:41,turno sintético 8
C00023,1,customer,2026-08-07T16:24:43,turno sintético 1
C00016,7,customer,2026-08-16T15:21:24,turno sintético 7
C00175,9,customer,2026-09-11T11:23:31,turno sintético 9
C00304,4,agent,2026-08-31T16:27:15,turno sintético 4
C00344,6,agent,2026-09-11T18:47:37,turno sintético 6
C00212,7,customer,2026-08-10T10:50:36,turno sintético 7
C00220,3,customer,2026-08-13T11:14:43,turno sintético 3
C00320,3,customer,2026-09-10T18:38:23,turno sintético 3
C00018,3,customer,2026-09-10T13:29:06,turno sintético 3
C00384,9,customer,2026-08-25T10:11:02,turno sintético 9
C00451,8,agent,2026-08-08T13:58:06,turno sintético 8
C00220,4,agent,2026-08-13T11:15:13,turno sintético 4
C00384,8,agent,2026-08-25T10:10:51,turno sintético 8
C00440,3,customer,2026-09-04T14:09:35,turno sintético 3
C00315,0,agent,2026-08-04T15:47:26,turno sintético 0
C00193,9,customer,2026-08-05T18:10:17,turno sintético 9
C00373,1,customer,2026-08-20T12:00:12,turno sintético 1
C00398,3,customer,2026-08-19T16:40:16,turno sintético 3
C00032,3,customer,2026-09-06T09:28:43,turno sintético 3
C00094,6,agent,2026-08-07T13:11:52,turno sintético 6
C00451,9,customer,2026-08-08T13:58:21,turno sintético 9
C00301,2,agent,2026-08-14T16:04:36,turno sintético 2
C00119,4,agent,2026-09-15T16:17:40,turno sintético 4
C00477,2,agent,2026-08-07T14:45:35,turno sintético 2
C00456,1,customer,2026-08-31T14:56:27,turno sintético 1
C00175,10,agent,2026-09-11T11:24:05,turno sintético 10
C00540,0,agent,2026-08-23T12:37:41,turno sintético 0
C00090,13,customer,2026-09-12T15:55:51,turno sintético 13
C00348,4,agent,2026-08-03T13:22:37,turno sintético 4
C00024,5,customer,2026-08-20T17:41:26,turno sintético 5
C00255,2,agent,2026-09-03T17:56:55,turno sintético 2
C00499,1,customer,2026-08-31T13:35:00,turno sintético 1
C00369,6,agent,2026-08-17T10:11:45,turno sintético 6
C00270,6,agent,2026-09-08T17:47:46,turno sintético 6
C00262,0,agent,2026-09-12T13:14:08,turno sintético 0
C00161,2,agent,2026-08-10T09:17:46,turno sintético 2
C00197,6,agent,2026-08-07T10:48:03,turno sintético 6
C00426,4,agent,2026-08-16T13:15:15,turno sintético 4
C00364,5,customer,2026-08-16T18:21:44,turno sintético 5
C00330,1,customer,2026-08-23T11:17:53,turno sintético 1
C00197,2,agent,2026-08-07T10:46:15,turno sintético 2
C00231,8,agent,2026-08-06T18:20:23,turno sintético 8
C00220,0,agent,2026-08-13T11:13:38,turno sintético 0
C00156,6,agent,2026-09-04T17:06:45,turno sintético 6
C00316,13,customer,2026-08-02T16:07:52,turno sintético 13
C00238,3,customer,2026-08-31T09:39:24,turno sintético 3
C00078,7,customer,2026-08-25T16:47:14,turno sintético 7
C00587,6,agent,2026-08-02T09:17:27,turno sintético 6
C00506,1,customer,2026-08-20T10:29:53,turno sintético 1
C00436,0,agent,2026-08-19T12:13:38,turno sintético 0
C00321,1,customer,2026-08-01T18:22:05,turno sintético 1
C00589,8,agent,2026-08-05T12:47:24,turno sintético 8
C00270,10,agent,2026-09-08T17:50:00,turno sintético 10
C00307,0,agent,2026-08-05T17:35:29,turno sintético 0
C00058,0,agent,2026-08-04T12:12:18,turno sintético 0
C00024,8,agent,2026-08-20T17:42:58,turno sintético 8
C00300,5,customer,2026-09-03T09:10:25,turno sintético 5
C00497,5,customer,2026-08-19T11:06:54,turno sintético 5
C00320,4,agent,2026-09-10T18:38:46,turno sintético 4
C00586,9,customer,2026-09-04T15:43:36,turno sintético 9
C00264,0,agent,2026-08-27T09:36:44,turno sintético 0
C00455,0,agent,2026-08-18T15:11:37,turno sintético 0
C00231,5,customer,2026-08-06T18:18:46,turno sintético 5
C00018,0,agent,2026-09-10T13:28:14,turno sintético 0
C00199,5,customer,2026-08-23T16:21:32,turno sintético 5
C00075,3,customer,2026-08-26T09:15:33,turno sintético 3
C00447,6,agent,2026-08-24T15:38:09,turno sintético 6
C00032,8,agent,2026-09-06T09:30:21,turno sintético 8
C00218,3,customer,2026-08-11T10:43:43,turno sintético 3
C00156,4,agent,2026-09-04T17:06:01,turno sintético 4
C00295,8,agent,2026-08-02T13:13:22,turno sintético 8
C00257,4,agent,2026-09-03T12:27:53,turno sintético 4
C00189,0,agent,2026-08-07T13:13:12,turno sintético 0
C00587,4,agent,2026-08-02T09:16:26,turno sintético 4
C00177,2,agent,2026-09-08T10:27:27,turno sintético 2
C00448,2,agent,2026-08-14T14:10:46,turno sintético 2
C00216,4,agent,2026-08-04T10:31:46,turno sintético 4
C00366,5,customer,2026-09-14T13:57:16,turno sintético 5
C00538,3,customer,2026-08-06T17:33:19,turno sintético 3
C00377,2,agent,2026-09-10T12:34:49,turno sintético 2
C00023,2,agent,2026-08-07T16:25:22,turno sintético 2
C00390,7,customer,2026-08-30T17:44:49,turno sintético 7
C00041,9,customer,2026-08-16T10:32:21,turno sintético 9
C00351,4,agent,2026-08-22T17:23:13,turno sintético 4
C00477,6,agent,2026-08-07T14:47:42,turno sintético 6
C00344,3,customer,2026-09-11T18:46:52,turno sintético 3
C00163,3,customer,2026-09-15T11:35:11,turno sintético 3
C00088,11,customer,2026-09-12T11:11:08,turno sintético 11
C00043,3,customer,2026-08-06T14:03:07,turno sintético 3
C00400,12,agent,2026-08-17T12:22:09,turno sintético 12
C00310,1,customer,2026-08-31T14:21:25,turno sintético 1
C00267,8,agent,2026-08-13T14:50:50,turno sintético 8
C00554,13,customer,2026-09-10T16:28:16,turno sintético 13
C00407,2,agent,2026-08-13T11:24:39,turno sintético 2
C00355,0,agent,2026-08-29T13:40:41,turno sintético 0
C00492,3,customer,2026-08-29T13:15:02,turno sintético 3
C00044,5,customer,2026-08-13T14:25:05,turno sintético 5
C00531,4,agent,2026-09-15T16:49:51,turno sintético 4
C00059,7,customer,2026-08-29T17:19:57,turno sintético 7
C00506,2,agent,2026-08-20T10:30:07,turno sintético 2
C00455,5,customer,2026-08-18T15:14:15,turno sintético 5
C00311,9,customer,2026-08-18T17:25:37,turno sintético 9
C00253,1,customer,2026-09-01T10:31:03,turno sintético 1
C00259,4,agent,2026-08-09T11:55:46,turno sintético 4
C00311,11,customer,2026-08-18T17:26:48,turno sintético 11
C00314,1,customer,2026-08-25T12:21:17,turno sintético 1
C00548,3,customer,2026-09-03T13:42:16,turno sintético 3
C00523,1,customer,2026-08-13T14:09:00,turno sintético 1
C00214,7,customer,2026-08-13T15:53:17,turno sintético 7
C00187,6,agent,2026-08-06T18:41:39,turno sintético 6
C00550,0,agent,2026-08-13T11:48:45,turno sintético 0
C00454,0,agent,2026-09-10T10:18:39,turno sintético 0
C00078,4,agent,2026-08-25T16:46:00,turno sintético 4
C00491,0,agent,2026-09-06T11:00:18,turno sintético 0
C00275,6,agent,2026-08-08T15:28:36,turno sintético 6
C00292,3,customer,2026-08-24T13:00:56,turno sintético 3
C00135,12,agent,2026-08-21T14:32:39,turno sintético 12
C00334,2,agent,2026-08-17T09:51:07,turno sintético 2
C00169,8,agent,2026-08-11T18:41:31,turno sintético 8
C00546,2,agent,2026-08-03T13:48:04,turno sintético 2
C00364,11,customer,2026-08-16T18:25:22,turno sintético 11
C00102,3,customer,2026-08-05T14:38:59,turno sintético 3
C00280,2,agent,2026-08-11T18:11:01,turno sintético 2
C00286,0,agent,2026-09-11T17:44:08,turno sintético 0
C00355,4,agent,2026-08-29T13:42:46,turno sintético 4
C00059,13,customer,2026-08-29T17:22:57,turno sintético 13
C00477,5,customer,2026-08-07T14:47:26,turno sintético 5
C00157,2,agent,2026-08-29T15:20:40,turno sintético 2
C00310,3,customer,2026-08-31T14:21:47,turno sintético 3
C00563,8,agent,2026-08-20T16:51:28,turno sintético 8
C00550,3,customer,2026-08-13T11:49:52,turno sintético 3
C00359,4,agent,2026-09-03T09:51:48,turno sintético 4
C00213,1,customer,2026-09-13T14:06:45,turno sintético 1
C00383,10,agent,2026-08-31T11:00:33,turno sintético 10
C00208,12,agent,2026-08-01T15:22:06,turno sintético 12
C00153,5,customer,2026-08-16T09:47:58,turno sintético 5
C00156,1,customer,2026-09-04T17:04:51,turno sintético 1
C00359,8,agent,2026-09-03T09:53:52,turno sintético 8
C00436,4,agent,2026-08-19T12:15:49,turno sintético 4
C00560,2,agent,2026-08-20T16:09:12,turno sintético 2
C00212,10,agent,2026-08-10T10:51:53,turno sintético 10
C00024,3,customer,2026-08-20T17:40:39,turno sintético 3
C00535,2,agent,2026-08-12T16:05:09,turno sintético 2
C00596,9,customer,2026-08-11T17:06:53,turno sintético 9
C00265,13,customer,2026-09-02T18:40:33,turno sintético 13
C00161,10,agent,2026-08-10T09:21:06,turno sintético 10
C00590,4,agent,2026-09-15T09:14:57,turno sintético 4
C00305,5,customer,2026-08-19T12:21:42,turno sintético 5
C00356,2,agent,2026-09-14T17:09:07,turno sintético 2
C00087,3,customer,2026-08-21T13:22:29,turno sintético 3
C00320,11,customer,2026-09-10T18:41:45,turno sintético 11
C00083,1,customer,2026-09-13T10:50:57,turno sintético 1
C00122,5,customer,2026-09-01T17:52:00,turno sintético 5
C00229,9,customer,2026-08-14T12:18:09,turno sintético 9
C00304,2,agent,2026-08-31T16:26:14,turno sintético 2
C00557,4,agent,2026-08-04T11:12:16,turno sintético 4
C00257,5,customer,2026-09-03T12:28:03,turno sintético 5
C00578,5,customer,2026-08-05T15:37:08,turno sintético 5
C00247,3,customer,2026-08-27T15:56:26,turno sintético 3
C00174,3,customer,2026-08-31T10:19:45,turno sintético 3
C00234,4,agent,2026-09-06T11:31:48,turno sintético 4
C00287,1,customer,2026-08-17T10:41:08,turno sintético 1
C00348,1,customer,2026-08-03T13:21:39,turno sintético 1
C00386,5,customer,2026-08-29T18:06:19,turno sintético 5
C00369,7,customer,2026-08-17T10:12:30,turno sintético 7
C00491,11,customer,2026-09-06T11:04:21,turno sintético 11
C00574,2,agent,2026-08-14T16:30:33,turno sintético 2
C00598,3,customer,2026-08-25T18:40:55,turno sintético 3
C00032,7,customer,2026-09-06T09:30:13,turno sintético 7
C00129,4,agent,2026-08-11T16:31:42,turno sintético 4
C00493,7,customer,2026-09-12T15:21:40,turno sintético 7
C00583,0,agent,2026-09-12T10:08:40,turno sintético 0
C00598,2,agent,2026-08-25T18:40:10,turno sintético 2
C00392,5,customer,2026-09-09T10:32:25,turno sintético 5
C00366,7,customer,2026-09-14T13:57:56,turno sintético 7
C00045,1,customer,2026-08-07T09:12:24,turno sintético 1
C00098,2,agent,2026-08-29T09:39:21,turno sintético 2
C00497,7,customer,2026-08-19T11:07:25,turno sintético 7
C00102,9,customer,2026-08-05T14:41:37,turno sintético 9
C00343,6,agent,2026-09-06T17:38:36,turno sintético 6
C00364,1,customer,2026-08-16T18:20:19,turno sintético 1
C00532,6,agent,2026-08-02T11:29:49,turno sintético 6
C00535,1,customer,2026-08-12T16:04:38,turno sintético 1
C00348,5,customer,2026-08-03T13:22:56,turno sintético 5
C00163,7,customer,2026-09-15T11:36:56,turno sintético 7
C00003,5,customer,2026-08-30T15:16:00,turno sintético 5
C00494,2,agent,2026-08-17T17:49:39,turno sintético 2
C00433,0,agent,2026-09-05T12:29:37,turno sintético 0
C00195,8,agent,2026-09-11T15:12:32,turno sintético 8
C00231,6,agent,2026-08-06T18:19:13,turno sintético 6
C00231,0,agent,2026-08-06T18:17:22,turno sintético 0
C00163,1,customer,2026-09-15T11:34:11,turno sintético 1
C00595,4,agent,2026-08-30T14:20:32,turno sintético 4
C00080,0,agent,2026-09-06T12:30:16,turno sintético 0
C00590,11,customer,2026-09-15T09:17:41,turno sintético 11
C00267,0,agent,2026-08-13T14:46:38,turno sintético 0
C00221,0,agent,2026-08-20T14:30:27,turno sintético 0
C00218,0,agent,2026-08-11T10:42:16,turno sintético 0
C00384,0,agent,2026-08-25T10:07:25,turno sintético 0
C00284,1,customer,2026-09-08T10:28:38,turno sintético 1
C00318,2,agent,2026-08-26T10:46:03,turno sintético 2
C00195,1,customer,2026-09-11T15:09:53,turno sintético 1
C00256,11,customer,2026-08-27T16:38:50,turno sintético 11
C00141,1,customer,2026-09-12T18:03:55,turno sintético 1
C00586,7,customer,2026-09-04T15:42:59,turno sintético 7
C00212,0,agent,2026-08-10T10:48:15,turno sintético 0
C00373,2,agent,2026-08-20T12:00:26,turno sintético 2
C00119,9,customer,2026-09-15T16:19:25,turno sintético 9
C00247,2,agent,2026-08-27T15:55:59,turno sintético 2
C00277,9,customer,2026-08-05T17:41:40,turno sintético 9
C00564,1,customer,2026-08-13T18:09:18,turno sintético 1
C00425,4,agent,2026-08-30T16:10:13,turno sintético 4
C00530,2,agent,2026-08-26T13:31:06,turno sintético 2
C00392,12,agent,2026-09-09T10:35:34,turno sintético 12
C00010,4,agent,2026-08-03T14:39:54,turno sintético 4
C00492,0,agent,2026-08-29T13:14:08,turno sintético 0
C00535,0,agent,2026-08-12T16:04:14,turno sintético 0
C00363,7,customer,2026-08-09T12:31:06,turno sintético 7
C00370,0,agent,2026-09-03T14:06:18,turno sintético 0
C00018,7,customer,2026-09-10T13:30:32,turno sintético 7
C00392,4,agent,2026-09-09T10:32:10,turno sintético 4
C00554,6,agent,2026-09-10T16:25:17,turno sintético 6
C00218,1,customer,2026-08-11T10:42:36,turno sintético 1
C00290,2,agent,2026-09-05T13:27:24,turno sintético 2
C00400,8,agent,2026-08-17T12:20:36,turno sintético 8
C00390,9,customer,2026-08-30T17:45:29,turno sintético 9
C00574,1,customer,2026-08-14T16:30:09,turno sintético 1
C00136,5,customer,2026-09-03T15:31:32,turno sintético 5
C00287,4,agent,2026-08-17T10:42:45,turno sintético 4
C00359,6,agent,2026-09-03T09:53:09,turno sintético 6
C00144,8,agent,2026-08-19T09:41:27,turno sintético 8
C00119,5,customer,2026-09-15T16:18:23,turno sintético 5
C00426,7,customer,2026-08-16T13:16:10,turno sintético 7
C00241,6,agent,2026-08-20T17:41:12,turno sintético 6
C00301,0,agent,2026-08-14T16:03:40,turno sintético 0
C00479,0,agent,2026-08-30T11:31:20,turno sintético 0
C00404,2,agent,2026-09-12T15:39:53,turno sintético 2
C00140,4,agent,2026-09-13T18:18:20,turno sintético 4
C00494,3,customer,2026-08-17T17:49:58,turno sintético 3
C00098,7,customer,2026-08-29T09:41:58,turno sintético 7
C00211,4,agent,2026-09-06T10:04:40,turno sintético 4
C00339,0,agent,2026-08-03T16:51:10,turno sintético 0
C00275,3,customer,2026-08-08T15:27:00,turno sintético 3
C00576,1,customer,2026-08-25T12:12:25,turno sintético 1
C00365,5,customer,2026-08-20T14:32:37,turno sintético 5
C00578,0,agent,2026-08-05T15:35:15,turno sintético 0
C00470,0,agent,2026-09-12T17:29:06,turno sintético 0
C00130,4,agent,2026-09-09T16:10:16,turno sintético 4
C00119,7,customer,2026-09-15T16:19:03,turno sintético 7
C00354,0,agent,2026-08-05T18:30:06,turno sintético 0
C00554,2,agent,2026-09-10T16:23:50,turno sintético 2
C00582,0,agent,2026-08-26T11:59:30,turno sintético 0
C00066,0,agent,2026-09-10T10:42:20,turno sintético 0
C00406,3,customer,2026-08-19T12:28:58,turno sintético 3
C00341,1,customer,2026-08-23T16:24:32,turno sintético 1
C00171,0,agent,2026-08-16T10:15:10,turno sintético 0
C00062,2,agent,2026-08-31T14:54:19,turno sintético 2
C00069,0,agent,2026-08-20T16:14:29,turno sintético 0
C00471,2,agent,2026-08-25T16:41:29,turno sintético 2
C00172,4,agent,2026-08-06T12:12:38,turno sintético 4
C00059,9,customer,2026-08-29T17:20:51,turno sintético 9
C00477,7,customer,2026-08-07T14:47:48,turno sintético 7
C00451,5,customer,2026-08-08T13:56:58,turno sintético 5
C00270,8,agent,2026-09-08T17:48:58,turno sintético 8
C00238,6,agent,2026-08-31T09:40:46,turno sintético 6
C00190,3,customer,2026-09-15T16:20:02,turno sintético 3
C00024,1,customer,2026-08-20T17:39:54,turno sintético 1
C00300,2,agent,2026-09-03T09:08:32,turno sintético 2
C00261,1,customer,2026-08-08T16:01:45,turno sintético 1
C00392,11,customer,2026-09-09T10:34:49,turno sintético 11
C00586,8,agent,2026-09-04T15:43:16,turno sintético 8
C00242,3,customer,2026-09-07T18:25:37,turno sintético 3
C00297,3,customer,2026-08-30T10:12:09,turno sintético 3
C00172,9,customer,2026-08-06T12:15:12,turno sintético 9
C00338,7,customer,2026-09-04T12:41:39,turno sintético 7
C00083,0,agent,2026-09-13T10:50:43,turno sintético 0
C00521,0,agent,2026-08-05T10:26:31,turno sintético 0
C00523,10,agent,2026-08-13T14:12:47,turno sintético 10
C00253,7,customer,2026-09-01T10:32:55,turno sintético 7
C00013,5,customer,2026-08-17T16:47:50,turno sintético 5
C00535,8,agent,2026-08-12T16:07:03,turno sintético 8
C00576,0,agent,2026-08-25T12:12:10,turno sintético 0
C00588,3,customer,2026-08-26T16:19:40,turno sintético 3
C00090,1,customer,2026-09-12T15:50:22,turno sintético 1
C00392,3,customer,2026-09-09T10:31:47,turno sintético 3
C00498,3,customer,2026-08-26T13:22:52,turno sintético 3
C00244,0,agent,2026-09-08T09:08:11,turno sintético 0
C00123,0,agent,2026-09-02T12:49:34,turno sintético 0
C00062,9,customer,2026-08-31T14:57:08,turno sintético 9
C00259,5,customer,2026-08-09T11:55:54,turno sintético 5
C00283,2,agent,2026-09-13T11:02:15,turno sintético 2
C00299,5,customer,2026-09-07T18:51:00,turno sintético 5
C00024,6,agent,2026-08-20T17:41:44,turno sintético 6
C00574,7,customer,2026-08-14T16:32:34,turno sintético 7
C00005,7,customer,2026-09-08T10:08:16,turno sintético 7
C00189,1,customer,2026-08-07T13:13:32,turno sintético 1
C00494,0,agent,2026-08-17T17:49:17,turno sintético 0
C00532,8,agent,2026-08-02T11:31:07,turno sintético 8
C00013,4,agent,2026-08-17T16:47:13,turno sintético 4
C00274,3,customer,2026-09-05T09:56:30,turno sintético 3
C00596,6,agent,2026-08-11T17:05:01,turno sintético 6
C00563,5,customer,2026-08-20T16:50:16,turno sintético 5
C00288,0,agent,2026-08-18T15:08:10,turno sintético 0
C00203,5,customer,2026-09-08T09:58:16,turno sintético 5
C00229,8,agent,2026-08-14T12:17:58,turno sintético 8
C00218,5,customer,2026-08-11T10:44:52,turno sintético 5
C00000,3,customer,2026-08-02T13:42:24,turno sintético 3
C00012,3,customer,2026-08-07T13:14:50,turno sintético 3
C00563,0,agent,2026-08-20T16:47:39,turno sintético 0
C00106,12,agent,2026-08-31T12:23:15,turno sintético 12
C00262,1,customer,2026-09-12T13:14:13,turno sintético 1
C00438,4,agent,2026-08-11T18:09:51,turno sintético 4
C00179,8,agent,2026-08-23T17:11:41,turno sintético 8
C00537,6,agent,2026-08-16T19:03:05,turno sintético 6
C00543,10,agent,2026-09-12T14:33:30,turno sintético 10
C00344,2,agent,2026-09-11T18:46:09,turno sintético 2
C00297,7,customer,2026-08-30T10:13:47,turno sintético 7
C00102,10,agent,2026-08-05T14:41:43,turno sintético 10
C00585,6,agent,2026-08-30T09:29:40,turno sintético 6
C00352,0,agent,2026-08-18T12:50:32,turno sintético 0
C00080,8,agent,2026-09-06T12:32:46,turno sintético 8
C00587,3,customer,2026-08-02T09:15:41,turno sintético 3
C00177,4,agent,2026-09-08T10:28:07,turno sintético 4
C00259,7,customer,2026-08-09T11:56:20,turno sintético 7
C00299,0,agent,2026-09-07T18:49:31,turno sintético 0
C00270,5,customer,2026-09-08T17:47:04,turno sintético 5
C00111,6,agent,2026-08-16T14:11:22,turno sintético 6
C00191,4,agent,2026-09-02T10:40:04,turno sintético 4
C00491,10,agent,2026-09-06T11:04:00,turno sintético 10
C00088,12,agent,2026-09-12T11:11:51,turno sintético 12
C00595,2,agent,2026-08-30T14:19:35,turno sintético 2
C00092,8,agent,2026-09-01T16:24:37,turno sintético 8
C00234,6,agent,2026-09-06T11:32:57,turno sintético 6
C00519,2,agent,2026-08-08T12:27:33,turno sintético 2
C00127,11,customer,2026-08-06T13:21:05,turno sintético 11
C00419,2,agent,2026-08-30T12:34:09,turno sintético 2
C00298,0,agent,2026-08-01T16:21:19,turno sintético 0
C00159,0,agent,2026-08-26T13:05:27,turno sintético 0
C00059,6,agent,2026-08-29T17:19:23,turno sintético 6
C00476,4,agent,2026-09-12T14:49:04,turno sintético 4
C00010,0,agent,2026-08-03T14:38:20,turno sintético 0
C00129,5,customer,2026-08-11T16:32:04,turno sintético 5
C00122,9,customer,2026-09-01T17:54:06,turno sintético 9
C00234,3,customer,2026-09-06T11:31:38,turno sintético 3
C00337,1,customer,2026-08-26T17:36:59,turno sintético 1
C00181,0,agent,2026-08-01T12:39:17,turno sintético 0
C00288,7,customer,2026-08-18T15:10:56,turno sintético 7
C00365,6,agent,2026-08-20T14:32:48,turno sintético 6
C00175,0,agent,2026-09-11T11:19:30,turno sintético 0
C00546,1,customer,2026-08-03T13:47:42,turno sintético 1
C00286,4,agent,2026-09-11T17:46:11,turno sintético 4
C00157,5,customer,2026-08-29T15:21:59,turno sintético 5
C00497,9,customer,2026-08-19T11:07:58,turno sintético 9
C00012,11,customer,2026-08-07T13:18:12,turno sintético 11
C00425,5,customer,2026-08-30T16:10:55,turno sintético 5
C00568,4,agent,2026-08-26T12:45:09,turno sintético 4
C00483,7,customer,2026-08-18T16:32:37,turno sintético 7
C00321,4,agent,2026-08-01T18:23:49,turno sintético 4
C00492,11,customer,2026-08-29T13:18:40,turno sintético 11
C00057,0,agent,2026-08-31T14:56:10,turno sintético 0
C00321,8,agent,2026-08-01T18:25:44,turno sintético 8
C00318,6,agent,2026-08-26T10:47:57,turno sintético 6
C00498,5,customer,2026-08-26T13:23:30,turno sintético 5
C00145,3,customer,2026-09-02T14:36:35,turno sintético 3
C00201,5,customer,2026-08-24T14:27:23,turno sintético 5
C00004,12,agent,2026-08-18T10:12:09,turno sintético 12
C00596,8,agent,2026-08-11T17:06:10,turno sintético 8
C00320,7,customer,2026-09-10T18:40:05,turno sintético 7
C00537,9,customer,2026-08-16T19:04:18,turno sintético 9
C00024,0,agent,2026-08-20T17:39:24,turno sintético 0
C00022,3,customer,2026-08-15T12:49:23,turno sintético 3
C00574,3,customer,2026-08-14T16:30:58,turno sintético 3
C00497,3,customer,2026-08-19T11:06:23,turno sintético 3
C00498,4,agent,2026-08-26T13:23:19,turno sintético 4
C00208,4,agent,2026-08-01T15:19:15,turno sintético 4
C00495,5,customer,2026-08-11T17:00:11,turno sintético 5
C00595,1,customer,2026-08-30T14:19:18,turno sintético 1
C00304,5,customer,2026-08-31T16:27:51,turno sintético 5
C00304,0,agent,2026-08-31T16:25:23,turno sintético 0
C00305,9,customer,2026-08-19T12:23:04,turno sintético 9
C00464,2,agent,2026-09-01T10:58:57,turno sintético 2
C00091,2,agent,2026-08-08T14:53:47,turno sintético 2
C00479,13,customer,2026-08-30T11:36:11,turno sintético 13
C00413,0,agent,2026-09-13T18:49:16,turno sintético 0
C00178,7,customer,2026-09-14T18:51:58,turno sintético 7
C00147,7,customer,2026-09-03T15:13:33,turno sintético 7
C00477,3,customer,2026-08-07T14:46:12,turno sintético 3
C00436,3,customer,2026-08-19T12:15:25,turno sintético 3
C00255,3,customer,2026-09-03T17:57:02,turno sintético 3
C00523,3,customer,2026-08-13T14:09:12,turno sintético 3
C00265,2,agent,2026-09-02T18:35:50,turno sintético 2
C00493,2,agent,2026-09-12T15:20:07,turno sintético 2
C00562,1,customer,2026-08-03T09:30:22,turno sintético 1
C00498,2,agent,2026-08-26T13:22:39,turno sintético 2
C00271,3,customer,2026-08-07T09:26:06,turno sintético 3
C00363,6,agent,2026-08-09T12:30:23,turno sintético 6
C00493,11,customer,2026-09-12T15:23:25,turno sintético 11
C00451,0,agent,2026-08-08T13:54:21,turno sintético 0
C00304,1,customer,2026-08-31T16:26:06,turno sintético 1
C00534,9,customer,2026-09-11T18:37:02,turno sintético 9
C00415,2,agent,2026-08-16T18:55:26,turno sintético 2
C00224,3,customer,2026-09-01T11:25:49,turno sintético 3
C00210,0,agent,2026-09-14T15:21:13,turno sintético 0
C00502,7,customer,2026-08-16T17:57:58,turno sintético 7
C00498,0,agent,2026-08-26T13:21:32,turno sintético 0
C00030,5,customer,2026-09-15T12:41:29,turno sintético 5
C00585,8,agent,2026-08-30T09:30:17,turno sintético 8
C00460,2,agent,2026-08-02T10:33:02,turno sintético 2
C00135,9,customer,2026-08-21T14:31:30,turno sintético 9
C00568,0,agent,2026-08-26T12:43:27,turno sintético 0
C00318,5,customer,2026-08-26T10:47:44,turno sintético 5
C00225,0,agent,2026-09-14T10:09:31,turno sintético 0
C00176,7,customer,2026-08-27T17:35:13,turno sintético 7
C00015,0,agent,2026-08-21T13:27:44,turno sintético 0
C00394,5,customer,2026-08-09T17:39:29,turno sintético 5
C00202,5,customer,2026-08-06T14:19:02,turno sintético 5
C00534,10,agent,2026-09-11T18:37:09,turno sintético 10
C00320,1,customer,2026-09-10T18:37:43,turno sintético 1
C00136,7,customer,2026-09-03T15:32:32,turno sintético 7
C00172,5,customer,2026-08-06T12:13:18,turno sintético 5
C00493,8,agent,2026-09-12T15:22:02,turno sintético 8
C00149,7,customer,2026-09-07T10:17:48,turno sintético 7
C00519,7,customer,2026-08-08T12:29:28,turno sintético 7
C00175,7,customer,2026-09-11T11:22:45,turno sintético 7
C00502,1,customer,2026-08-16T17:56:03,turno sintético 1
C00348,7,customer,2026-08-03T13:24:02,turno sintético 7
C00253,8,agent,2026-09-01T10:33:22,turno sintético 8
C00533,7,customer,2026-09-12T16:42:16,turno sintético 7
C00425,6,agent,2026-08-30T16:11:30,turno sintético 6
C00597,4,agent,2026-09-15T17:02:39,turno sintético 4
C00131,4,agent,2026-08-30T13:08:04,turno sintético 4
C00473,2,agent,2026-08-07T16:19:02,turno sintético 2
C00377,4,agent,2026-09-10T12:35:38,turno sintético 4
C00191,2,agent,2026-09-02T10:38:48,turno sintético 2
C00284,10,agent,2026-09-08T10:31:50,turno sintético 10
C00480,4,agent,2026-08-09T09:30:42,turno sintético 4
C00380,4,agent,2026-08-07T15:34:17,turno sintético 4
C00433,1,customer,2026-09-05T12:30:09,turno sintético 1
C00078,9,customer,2026-08-25T16:48:06,turno sintético 9
C00135,6,agent,2026-08-21T14:29:46,turno sintético 6
C00032,1,customer,2026-09-06T09:27:51,turno sintético 1
C00193,7,customer,2026-08-05T18:09:29,turno sintético 7
C00088,9,customer,2026-09-12T11:10:22,turno sintético 9
C00563,7,customer,2026-08-20T16:51:21,turno sintético 7
C00123,6,agent,2026-09-02T12:51:54,turno sintético 6
C00455,3,customer,2026-08-18T15:12:53,turno sintético 3
C00390,8,agent,2026-08-30T17:45:17,turno sintético 8
C00282,2,agent,2026-08-03T10:30:47,turno sintético 2
C00252,3,customer,2026-09-06T16:49:08,turno sintético 3
C00255,6,agent,2026-09-03T17:58:37,turno sintético 6
C00088,2,agent,2026-09-12T11:06:20,turno sintético 2
C00330,3,customer,2026-08-23T11:18:50,turno sintético 3
C00092,3,customer,2026-09-01T16:21:47,turno sintético 3
C00586,6,agent,2026-09-04T15:42:30,turno sintético 6
C00282,1,customer,2026-08-03T10:30:02,turno sintético 1
C00177,0,agent,2026-09-08T10:27:11,turno sintético 0
C00316,0,agent,2026-08-02T16:01:23,turno sintético 0
C00554,8,agent,2026-09-10T16:26:29,turno sintético 8
C00547,1,customer,2026-09-01T11:54:22,turno sintético 1
C00360,2,agent,2026-08-12T16:44:52,turno sintético 2
C00369,8,agent,2026-08-17T10:13:04,turno sintético 8
C00073,3,customer,2026-08-20T16:32:52,turno sintético 3
C00242,0,agent,2026-09-07T18:24:41,turno sintético 0
C00417,5,customer,2026-08-29T16:03:52,turno sintético 5
C00131,8,agent,2026-08-30T13:09:17,turno sintético 8
C00111,0,agent,2026-08-16T14:08:39,turno sintético 0
C00178,8,agent,2026-09-14T18:52:16,turno sintético 8
C00331,4,agent,2026-08-21T17:01:03,turno sintético 4
C00217,3,customer,2026-08-21T15:38:48,turno sintético 3
C00315,3,customer,2026-08-04T15:48:43,turno sintético 3
C00492,13,customer,2026-08-29T13:19:53,turno sintético 13
C00315,4,agent,2026-08-04T15:49:23,turno sintético 4
C00586,12,agent,2026-09-04T15:44:41,turno sintético 12
C00564,3,customer,2026-08-13T18:09:46,turno sintético 3
C00146,4,agent,2026-08-24T12:48:35,turno sintético 4
C00491,9,customer,2026-09-06T11:03:37,turno sintético 9
C00257,7,customer,2026-09-03T12:28:49,turno sintético 7
C00106,10,agent,2026-08-31T12:22:29,turno sintético 10
C00424,6,agent,2026-09-07T17:18:33,turno sintético 6
C00029,3,customer,2026-08-29T17:37:25,turno sintético 3
C00537,2,agent,2026-08-16T19:01:10,turno sintético 2
C00589,12,agent,2026-08-05T12:49:34,turno sintético 12
C00164,0,agent,2026-08-16T12:16:30,turno sintético 0
C00578,2,agent,2026-08-05T15:36:11,turno sintético 2
C00219,5,customer,2026-09-06T18:39:40,turno sintético 5
C00187,1,customer,2026-08-06T18:39:17,turno sintético 1
C00023,7,customer,2026-08-07T16:27:14,turno sintético 7
C00297,6,agent,2026-08-30T10:13:37,turno sintético 6
C00041,10,agent,2026-08-16T10:32:31,turno sintético 10
C00200,0,agent,2026-08-13T15:41:36,turno sintético 0
C00144,12,agent,2026-08-19T09:43:29,turno sintético 12
C00184,1,customer,2026-08-16T14:13:21,turno sintético 1
C00317,4,agent,2026-08-15T14:22:21,turno sintético 4
C00304,7,customer,2026-08-31T16:28:29,turno sintético 7
C00098,3,customer,2026-08-29T09:39:38,turno sintético 3
C00589,9,customer,2026-08-05T12:47:53,turno sintético 9
C00378,0,agent,2026-09-04T14:58:20,turno sintético 0
C00546,0,agent,2026-08-03T13:47:30,turno sintético 0
C00015,5,customer,2026-08-21T13:29:42,turno sintético 5
C00018,2,agent,2026-09-10T13:28:59,turno sintético 2
C00460,0,agent,2026-08-02T10:32:09,turno sintético 0
C00057,8,agent,2026-08-31T14:59:24,turno sintético 8
C00255,9,customer,2026-09-03T18:00:08,turno sintético 9
C00130,0,agent,2026-09-09T16:08:34,turno sintético 0
C00012,5,customer,2026-08-07T13:15:57,turno sintético 5
C00303,0,agent,2026-08-07T12:39:45,turno sintético 0
C00519,6,agent,2026-08-08T12:29:15,turno sintético 6
C00407,0,agent,2026-08-13T11:23:39,turno sintético 0
C00492,6,agent,2026-08-29T13:16:47,turno sintético 6
C00523,9,customer,2026-08-13T14:12:10,turno sintético 9
C00001,10,agent,2026-09-15T18:22:39,turno sintético 10
C00436,1,customer,2026-08-19T12:14:18,turno sintético 1
C00312,1,customer,2026-08-24T13:25:49,turno sintético 1
C00008,0,agent,2026-09-14T12:25:38,turno sintético 0
C00451,6,agent,2026-08-08T13:57:39,turno sintético 6
C00169,1,customer,2026-08-11T18:37:35,turno sintético 1
C00598,5,customer,2026-08-25T18:41:15,turno sintético 5
C00339,1,customer,2026-08-03T16:51:51,turno sintético 1
C00334,1,customer,2026-08-17T09:51:00,turno sintético 1
C00586,5,customer,2026-09-04T15:42:22,turno sintético 5
C00131,5,customer,2026-08-30T13:08:32,turno sintético 5
C00199,0,agent,2026-08-23T16:19:43,turno sintético 0
C00045,0,agent,2026-08-07T09:12:16,turno sintético 0
C00259,10,agent,2026-08-09T11:58:08,turno sintético 10
C00533,0,agent,2026-09-12T16:39:33,turno sintético 0
C00244,10,agent,2026-09-08T09:13:00,turno sintético 10
C00511,4,agent,2026-09-11T14:57:19,turno sintético 4
C00179,0,agent,2026-08-23T17:07:40,turno sintético 0
C00533,8,agent,2026-09-12T16:42:56,turno sintético 8
C00372,3,customer,2026-09-06T15:39:57,turno sintético 3
C00319,1,customer,2026-08-21T17:07:55,turno sintético 1
C00450,2,agent,2026-09-07T14:11:59,turno sintético 2
C00153,4,agent,2026-08-16T09:47:34,turno sintético 4
C00265,9,customer,2026-09-02T18:39:22,turno sintético 9
C00199,4,agent,2026-08-23T16:20:54,turno sintético 4
C00153,1,customer,2026-08-16T09:46:06,turno sintético 1
C00305,12,agent,2026-08-19T12:24:53,turno sintético 12
C00012,7,customer,2026-08-07T13:16:50,turno sintético 7
C00157,4,agent,2026-08-29T15:21:33,turno sintético 4
C00307,3,customer,2026-08-05T17:37:05,turno sintético 3
C00305,0,agent,2026-08-19T12:19:30,turno sintético 0
C00117,0,agent,2026-08-12T17:28:32,turno sintético 0
C00088,5,customer,2026-09-12T11:07:42,turno sintético 5
C00004,8,agent,2026-08-18T10:10:43,turno sintético 8
C00112,4,agent,2026-08-01T15:03:25,turno sintético 4
C00455,11,customer,2026-08-18T15:17:00,turno sintético 11
C00471,1,customer,2026-08-25T16:40:53,turno sintético 1
C00259,1,customer,2026-08-09T11:55:06,turno sintético 1
C00373,3,customer,2026-08-20T12:00:43,turno sintético 3
C00375,2,agent,2026-08-14T09:38:19,turno sintético 2
C00433,6,agent,2026-09-05T12:31:43,turno sintético 6
C00059,5,customer,2026-08-29T17:19:03,turno sintético 5
C00341,4,agent,2026-08-23T16:25:42,turno sintético 4
C00384,1,customer,2026-08-25T10:08:05,turno sintético 1
C00018,8,agent,2026-09-10T13:30:50,turno sintético 8
C00238,8,agent,2026-08-31T09:41:16,turno sintético 8
C00348,2,agent,2026-08-03T13:21:45,turno sintético 2
C00505,2,agent,2026-08-02T09:06:44,turno sintético 2
C00537,8,agent,2026-08-16T19:04:05,turno sintético 8
C00339,4,agent,2026-08-03T16:53:20,turno sintético 4
C00004,10,agent,2026-08-18T10:11:09,turno sintético 10
C00564,2,agent,2026-08-13T18:09:36,turno sintético 2
C00080,10,agent,2026-09-06T12:33:08,turno sintético 10
C00265,11,customer,2026-09-02T18:39:44,turno sintético 11
C00129,9,customer,2026-08-11T16:33:22,turno sintético 9
C00514,7,customer,2026-08-04T09:21:37,turno sintético 7
C00013,1,customer,2026-08-17T16:46:12,turno sintético 1
C00062,1,customer,2026-08-31T14:53:43,turno sintético 1
C00383,6,agent,2026-08-31T10:58:29,turno sintético 6
C00211,1,customer,2026-09-06T10:03:55,turno sintético 1
C00323,7,customer,2026-08-22T16:12:29,turno sintético 7
C00157,3,customer,2026-08-29T15:21:15,turno sintético 3
C00112,5,customer,2026-08-01T15:03:53,turno sintético 5
C00585,1,customer,2026-08-30T09:27:19,turno sintético 1
C00028,1,customer,2026-08-12T17:51:12,turno sintético 1
C00297,9,customer,2026-08-30T10:14:35,turno sintético 9
C00377,3,customer,2026-09-10T12:34:54,turno sintético 3
C00454,1,customer,2026-09-10T10:19:04,turno sintético 1
C00384,10,agent,2026-08-25T10:11:45,turno sintético 10
C00112,1,customer,2026-08-01T15:02:04,turno sintético 1
C00364,12,agent,2026-08-16T18:26:04,turno sintético 12
C00284,8,agent,2026-09-08T10:31:04,turno sintético 8
C00290,0,agent,2026-09-05T13:26:19,turno sintético 0
C00271,1,customer,2026-08-07T09:25:35,turno sintético 1
C00479,4,agent,2026-08-30T11:32:09,turno sintético 4
C00154,0,agent,2026-08-15T16:03:40,turno sintético 0
C00171,3,customer,2026-08-16T10:16:12,turno sintético 3
C00191,6,agent,2026-09-02T10:41:06,turno sintético 6
C00221,1,customer,2026-08-20T14:30:46,turno sintético 1
C00003,8,agent,2026-08-30T15:16:34,turno sintético 8
C00563,6,agent,2026-08-20T16:51:01,turno sintético 6
C00485,5,customer,2026-08-06T13:03:51,turno sintético 5
C00080,9,customer,2026-09-06T12:32:52,turno sintético 9
C00163,8,agent,2026-09-15T11:37:28,turno sintético 8
C00559,0,agent,2026-09-12T17:07:41,turno sintético 0
C00554,10,agent,2026-09-10T16:27:37,turno sintético 10
C00455,10,agent,2026-08-18T15:16:51,turno sintético 10
C00244,5,customer,2026-09-08T09:10:44,turno sintético 5
C00389,4,agent,2026-09-12T11:10:33,turno sintético 4
C00287,0,agent,2026-08-17T10:40:44,turno sintético 0
C00165,1,customer,2026-08-26T16:50:40,turno sintético 1
C00305,7,customer,2026-08-19T12:22:01,turno sintético 7
C00265,7,customer,2026-09-02T18:38:43,turno sintético 7
C00456,8,agent,2026-08-31T14:58:36,turno sintético 8
C00388,0,agent,2026-09-12T11:57:31,turno sintético 0
C00005,3,customer,2026-09-08T10:06:19,turno sintético 3
C00147,8,agent,2026-09-03T15:14:10,turno sintético 8
C00241,8,agent,2026-08-20T17:42:00,turno sintético 8
C00312,2,agent,2026-08-24T13:26:17,turno sintético 2
C00497,11,customer,2026-08-19T11:08:47,turno sintético 11
C00460,7,customer,2026-08-02T10:34:43,turno sintético 7
C00366,0,agent,2026-09-14T13:54:45,turno sintético 0
C00210,1,customer,2026-09-14T15:21:58,turno sintético 1
C00562,3,customer,2026-08-03T09:30:54,turno sintético 3
C00560,0,agent,2026-08-20T16:08:19,turno sintético 0
C00258,1,customer,2026-08-30T14:03:57,turno sintético 1
C00531,8,agent,2026-09-15T16:51:23,turno sintético 8
C00352,3,customer,2026-08-18T12:52:05,turno sintético 3
C00314,3,customer,2026-08-25T12:22:18,turno sintético 3
C00059,11,customer,2026-08-29T17:21:37,turno sintético 11
C00485,0,agent,2026-08-06T13:01:36,turno sintético 0
C00253,3,customer,2026-09-01T10:31:26,turno sintético 3
C00163,10,agent,2026-09-15T11:37:55,turno sintético 10
C00016,8,agent,2026-08-16T15:22:09,turno sintético 8
C00110,2,agent,2026-09-15T17:02:01,turno sintético 2
C00500,1,customer,2026-08-06T09:42:23,turno sintético 1
C00495,0,agent,2026-08-11T16:58:18,turno sintético 0
C00356,6,agent,2026-09-14T17:10:23,turno sintético 6
C00023,8,agent,2026-08-07T16:27:58,turno sintético 8
C00477,10,agent,2026-08-07T14:49:27,turno sintético 10
C00204,2,agent,2026-09-01T18:40:32,turno sintético 2
C00213,2,agent,2026-09-13T14:06:58,turno sintético 2
C00500,0,agent,2026-08-06T09:41:38,turno sintético 0
C00345,2,agent,2026-08-13T15:22:43,turno sintético 2
C00178,2,agent,2026-09-14T18:49:53,turno sintético 2
C00537,5,customer,2026-08-16T19:02:54,turno sintético 5
C00340,0,agent,2026-08-31T11:57:41,turno sintético 0
C00242,4,agent,2026-09-07T18:25:55,turno sintético 4
C00288,6,agent,2026-08-18T15:10:47,turno sintético 6
C00062,7,customer,2026-08-31T14:56:24,turno sintético 7
C00119,3,customer,2026-09-15T16:17:26,turno sintético 3
C00316,3,customer,2026-08-02T16:02:56,turno sintético 3
C00521,5,customer,2026-08-05T10:28:57,turno sintético 5
C00331,0,agent,2026-08-21T16:59:29,turno sintético 0
C00570,4,agent,2026-08-29T13:00:14,turno sintético 4
C00169,0,agent,2026-08-11T18:37:09,turno sintético 0
C00477,9,customer,2026-08-07T14:49:11,turno sintético 9
C00255,5,customer,2026-09-03T17:58:16,turno sintético 5
C00078,3,customer,2026-08-25T16:45:32,turno sintético 3
C00059,8,agent,2026-08-29T17:20:37,turno sintético 8
C00127,8,agent,2026-08-06T13:19:45,turno sintético 8
C00548,8,agent,2026-09-03T13:43:43,turno sintético 8
C00333,2,agent,2026-09-12T10:09:17,turno sintético 2
C00169,6,agent,2026-08-11T18:40:40,turno sintético 6
C00486,10,agent,2026-09-02T10:11:33,turno sintético 10
C00073,1,customer,2026-08-20T16:32:15,turno sintético 1
C00364,8,agent,2026-08-16T18:23:52,turno sintético 8
C00300,1,customer,2026-09-03T09:08:00,turno sintético 1
C00181,2,agent,2026-08-01T12:40:03,turno sintético 2
C00229,4,agent,2026-08-14T12:15:38,turno sintético 4
C00315,2,agent,2026-08-04T15:48:15,turno sintético 2
C00337,4,agent,2026-08-26T17:38:41,turno sintético 4
C00199,1,customer,2026-08-23T16:20:06,turno sintético 1
C00483,4,agent,2026-08-18T16:31:48,turno sintético 4
C00154,1,customer,2026-08-15T16:04:16,turno sintético 1
C00395,0,agent,2026-09-03T09:33:20,turno sintético 0
C00018,6,agent,2026-09-10T13:30:05,turno sintético 6
C00394,4,agent,2026-08-09T17:39:13,turno sintético 4
C00435,7,customer,2026-08-13T16:51:50,turno sintético 7
C00092,9,customer,2026-09-01T16:24:49,turno sintético 9
C00208,0,agent,2026-08-01T15:17:19,turno sintético 0
C00219,6,agent,2026-09-06T18:39:45,turno sintético 6
C00224,0,agent,2026-09-01T11:24:45,turno sintético 0
C00307,4,agent,2026-08-05T17:37:31,turno sintético 4
C00344,9,customer,2026-09-11T18:49:21,turno sintético 9
C00543,2,agent,2026-09-12T14:30:45,turno sintético 2
C00511,0,agent,2026-09-11T14:55:26,turno sintético 0
C00075,4,agent,2026-08-26T09:15:39,turno sintético 4
C00460,1,customer,2026-08-02T10:32:20,turno sintético 1
C00062,10,agent,2026-08-31T14:57:19,turno sintético 10
C00301,1,customer,2026-08-14T16:04:15,turno sintético 1
C00179,7,customer,2026-08-23T17:10:56,turno sintético 7
C00596,1,customer,2026-08-11T17:02:37,turno sintético 1
C00154,2,agent,2026-08-15T16:04:24,turno sintético 2
C00012,4,agent,2026-08-07T13:15:21,turno sintético 4
C00274,0,agent,2026-09-05T09:55:17,turno sintético 0
C00406,2,agent,2026-08-19T12:28:48,turno sintético 2
C00387,0,agent,2026-08-28T15:43:32,turno sintético 0
C00208,6,agent,2026-08-01T15:19:46,turno sintético 6
C00570,0,agent,2026-08-29T12:59:10,turno sintético 0
C00589,10,agent,2026-08-05T12:48:30,turno sintético 10
C00265,0,agent,2026-09-02T18:35:19,turno sintético 0
C00402,1,customer,2026-08-07T11:27:54,turno sintético 1
C00589,4,agent,2026-08-05T12:45:20,turno sintético 4
C00203,10,agent,2026-09-08T10:00:21,turno sintético 10
C00013,8,agent,2026-08-17T16:48:25,turno sintético 8
C00244,7,customer,2026-09-08T09:11:50,turno sintético 7
C00046,3,customer,2026-08-08T10:07:06,turno sintético 3
C00507,5,customer,2026-08-13T10:30:53,turno sintético 5
C00424,1,customer,2026-09-07T17:16:49,turno sintético 1
C00451,7,customer,2026-08-08T13:57:45,turno sintético 7
C00229,5,customer,2026-08-14T12:16:23,turno sintético 5
C00181,3,customer,2026-08-01T12:40:24,turno sintético 3
C00571,0,agent,2026-08-03T18:19:21,turno sintético 0
C00144,7,customer,2026-08-19T09:40:46,turno sintético 7
C00178,4,agent,2026-09-14T18:50:34,turno sintético 4
C00384,12,agent,2026-08-25T10:12:39,turno sintético 12
C00016,10,agent,2026-08-16T15:23:07,turno sintético 10
C00218,2,agent,2026-08-11T10:43:18,turno sintético 2
C00317,1,customer,2026-08-15T14:21:46,turno sintético 1
C00208,5,customer,2026-08-01T15:19:41,turno sintético 5
C00465,5,customer,2026-08-07T11:55:05,turno sintético 5
C00540,2,agent,2026-08-23T12:38:14,turno sintético 2
C00550,1,customer,2026-08-13T11:49:11,turno sintético 1
C00417,2,agent,2026-08-29T16:02:36,turno sintético 2
C00195,0,agent,2026-09-11T15:09:18,turno sintético 0
C00464,0,agent,2026-09-01T10:58:16,turno sintético 0
C00384,2,agent,2026-08-25T10:08:16,turno sintético 2
C00586,3,customer,2026-09-04T15:41:34,turno sintético 3
C00261,4,agent,2026-08-08T16:03:45,turno sintético 4
C00002,1,customer,2026-08-19T15:10:29,turno sintético 1
C00568,3,customer,2026-08-26T12:44:35,turno sintético 3
C00184,8,agent,2026-08-16T14:16:23,turno sintético 8
C00090,12,agent,2026-09-12T15:55:29,turno sintético 12
C00141,6,agent,2026-09-12T18:06:16,turno sintético 6
C00287,12,agent,2026-08-17T10:45:56,turno sintético 12
C00292,5,customer,2026-08-24T13:01:59,turno sintético 5
C00277,4,agent,2026-08-05T17:38:59,turno sintético 4
C00436,5,customer,2026-08-19T12:16:30,turno sintético 5
C00314,4,agent,2026-08-25T12:22:42,turno sintético 4
C00455,12,agent,2026-08-18T15:17:12,turno sintético 12
C00425,7,customer,2026-08-30T16:12:04,turno sintético 7
C00116,6,agent,2026-08-13T09:44:38,turno sintético 6
C00590,6,agent,2026-09-15T09:15:56,turno sintético 6
C00263,3,customer,2026-09-01T11:51:21,turno sintético 3
C00147,9,customer,2026-09-03T15:14:41,turno sintético 9
C00401,1,customer,2026-08-04T15:31:53,turno sintético 1
C00204,4,agent,2026-09-01T18:41:14,turno sintético 4
C00184,3,customer,2026-08-16T14:14:16,turno sintético 3
C00171,2,agent,2026-08-16T10:15:39,turno sintético 2
C00015,7,customer,2026-08-21T13:30:40,turno sintético 7
C00265,12,agent,2026-09-02T18:40:20,turno sintético 12
C00502,12,agent,2026-08-16T17:59:32,turno sintético 12
C00322,4,agent,2026-08-09T13:57:25,turno sintético 4
C00242,5,customer,2026-09-07T18:26:17,turno sintético 5
C00554,12,agent,2026-09-10T16:28:05,turno sintético 12
C00343,4,agent,2026-09-06T17:38:10,turno sintético 4
C00012,8,agent,2026-08-07T13:17:20,turno sintético 8
C00144,4,agent,2026-08-19T09:39:52,turno sintético 4
C00322,8,agent,2026-08-09T13:58:32,turno sintético 8
C00140,6,agent,2026-09-13T18:18:44,turno sintético 6
C00098,5,customer,2026-08-29T09:40:46,turno sintético 5
C00479,7,customer,2026-08-30T11:33:27,turno sintético 7
C00514,3,customer,2026-08-04T09:19:55,turno sintético 3
C00320,0,agent,2026-09-10T18:37:05,turno sintético 0
C00161,5,customer,2026-08-10T09:18:43,turno sintético 5
C00334,0,agent,2026-08-17T09:50:22,turno sintético 0
C00133,4,agent,2026-09-09T11:03:44,turno sintético 4
C00548,9,customer,2026-09-03T13:44:22,turno sintético 9
C00121,0,agent,2026-08-29T10:18:20,turno sintético 0
C00046,1,customer,2026-08-08T10:06:34,turno sintético 1
C00394,0,agent,2026-08-09T17:37:16,turno sintético 0
C00152,0,agent,2026-08-10T13:42:09,turno sintético 0
C00080,2,agent,2026-09-06T12:30:34,turno sintético 2
C00169,3,customer,2026-08-11T18:39:02,turno sintético 3
C00263,7,customer,2026-09-01T11:53:05,turno sintético 7
C00435,3,customer,2026-08-13T16:49:52,turno sintético 3
C00214,9,customer,2026-08-13T15:54:05,turno sintético 9
C00344,10,agent,2026-09-11T18:50:05,turno sintético 10
C00337,2,agent,2026-08-26T17:37:44,turno sintético 2
C00036,0,agent,2026-08-20T18:49:09,turno sintético 0
C00365,3,customer,2026-08-20T14:31:45,turno sintético 3
C00455,8,agent,2026-08-18T15:15:46,turno sintético 8
C00080,11,customer,2026-09-06T12:33:29,turno sintético 11
C00293,13,customer,2026-08-25T15:32:00,turno sintético 13
C00369,0,agent,2026-08-17T10:09:26,turno sintético 0
C00568,2,agent,2026-08-26T12:44:28,turno sintético 2
C00059,4,agent,2026-08-29T17:18:28,turno sintético 4
C00112,9,customer,2026-08-01T15:04:56,turno sintético 9
C00295,10,agent,2026-08-02T13:14:32,turno sintético 10
C00227,1,customer,2026-08-19T09:20:50,turno sintético 1
C00473,0,agent,2026-08-07T16:18:24,turno sintético 0
C00464,6,agent,2026-09-01T11:00:49,turno sintético 6
C00293,9,customer,2026-08-25T15:30:18,turno sintético 9
C00588,5,customer,2026-08-26T16:20:11,turno sintético 5
C00538,1,customer,2026-08-06T17:32:40,turno sintético 1
C00075,2,agent,2026-08-26T09:14:58,turno sintético 2
C00181,4,agent,2026-08-01T12:41:00,turno sintético 4
C00447,2,agent,2026-08-24T15:36:11,turno sintético 2
C00476,7,customer,2026-09-12T14:50:17,turno sintético 7
C00229,7,customer,2026-08-14T12:17:41,turno sintético 7
C00205,1,customer,2026-08-12T09:36:56,turno sintético 1
C00495,10,agent,2026-08-11T17:02:39,turno sintético 10
C00012,2,agent,2026-08-07T13:14:35,turno sintético 2
C00451,3,customer,2026-08-08T13:55:53,turno sintético 3
C00365,9,customer,2026-08-20T14:34:52,turno sintético 9
C00267,9,customer,2026-08-13T14:51:06,turno sintético 9
C00256,6,agent,2026-08-27T16:36:51,turno sintético 6
C00293,4,agent,2026-08-25T15:28:53,turno sintético 4
C00293,6,agent,2026-08-25T15:29:33,turno sintético 6
C00241,0,agent,2026-08-20T17:38:28,turno sintético 0
C00066,3,customer,2026-09-10T10:44:10,turno sintético 3
C00485,1,,2026-08-06T13:02:11,turno sintético 1
C00366,8,agent,2026-09-14T13:58:01,turno sintético 8
C00589,1,customer,2026-08-05T12:44:10,turno sintético 1
C00548,7,customer,2026-09-03T13:43:12,turno sintético 7
C00593,2,agent,2026-08-21T12:08:17,turno sintético 2
C00369,1,customer,2026-08-17T10:10:01,turno sintético 1
C00044,10,agent,2026-08-13T14:26:45,turno sintético 10
C00122,2,agent,2026-09-01T17:50:59,turno sintético 2
C00018,1,customer,2026-09-10T13:28:46,turno sintético 1
C00015,4,agent,2026-08-21T13:29:24,turno sintético 4
C00070,0,agent,2026-08-16T15:30:22,turno sintético 0
C00126,2,agent,2026-08-12T11:12:59,turno sintético 2
C00338,10,agent,2026-09-04T12:43:37,turno sintético 10
C00022,0,agent,2026-08-15T12:48:39,turno sintético 0
C00318,3,customer,2026-08-26T10:46:26,turno sintético 3
C00532,3,customer,2026-08-02T11:28:21,turno sintético 3
C00585,9,customer,2026-08-30T09:30:32,turno sintético 9
C00317,6,agent,2026-08-15T14:23:02,turno sintético 6
C00145,4,agent,2026-09-02T14:36:55,turno sintético 4
C00477,1,customer,2026-08-07T14:44:51,turno sintético 1
C00331,2,agent,2026-08-21T16:59:51,turno sintético 2
C00010,1,customer,2026-08-03T14:38:55,turno sintético 1
C00178,6,agent,2026-09-14T18:51:24,turno sintético 6
C00023,4,agent,2026-08-07T16:26:07,turno sintético 4
C00597,3,customer,2026-09-15T17:01:57,turno sintético 3
C00380,3,customer,2026-08-07T15:34:04,turno sintético 3
C00400,4,agent,2026-08-17T12:18:46,turno sintético 4
C00479,5,customer,2026-08-30T11:32:29,turno sintético 5
C00497,1,customer,2026-08-19T11:05:17,turno sintético 1
C00116,2,agent,2026-08-13T09:42:56,turno sintético 2
C00465,6,agent,2026-08-07T11:55:40,turno sintético 6
C00229,2,agent,2026-08-14T12:15:05,turno sintético 2
C00521,4,agent,2026-08-05T10:28:30,turno sintético 4
C00122,0,agent,2026-09-01T17:50:16,turno sintético 0
C00334,7,customer,2026-08-17T09:52:45,turno sintético 7
C00147,1,customer,2026-09-03T15:11:18,turno sintético 1
C00308,1,customer,2026-09-07T09:28:38,turno sintético 1
C00521,3,customer,2026-08-05T10:28:05,turno sintético 3
C00156,3,customer,2026-09-04T17:05:40,turno sintético 3
C00030,9,customer,2026-09-15T12:44:01,turno sintético 9
C00278,0,agent,2026-08-25T13:22:37,turno sintético 0
C00299,1,customer,2026-09-07T18:49:52,turno sintético 1
C00130,2,agent,2026-09-09T16:09:34,turno sintético 2
C00135,2,agent,2026-08-21T14:27:37,turno sintético 2
C00369,4,agent,2026-08-17T10:10:56,turno sintético 4
C00175,6,agent,2026-09-11T11:22:29,turno sintético 6
C00331,10,agent,2026-08-21T17:03:49,turno sintético 10
C00543,9,customer,2026-09-12T14:33:01,turno sintético 9
C00220,5,customer,2026-08-13T11:15:55,turno sintético 5
C00179,6,agent,2026-08-23T17:10:26,turno sintético 6
C00217,0,agent,2026-08-21T15:37:08,turno sintético 0
C00585,5,customer,2026-08-30T09:29:05,turno sintético 5
C00386,1,customer,2026-08-29T18:05:07,turno sintético 1
C00399,3,customer,2026-08-22T12:05:49,turno sintético 3
C00145,8,agent,2026-09-02T14:38:13,turno sintético 8
C00003,4,agent,2026-08-30T15:15:35,turno sintético 4
C00557,0,agent,2026-08-04T11:10:23,turno sintético 0
C00344,5,customer,2026-09-11T18:47:22,turno sintético 5
C00248,3,customer,2026-08-11T18:32:15,turno sintético 3
C00177,1,customer,2026-09-08T10:27:16,turno sintético 1
C00225,3,customer,2026-09-14T10:11:03,turno sintético 3
C00386,4,agent,2026-08-29T18:05:51,turno sintético 4
C00179,10,agent,2026-08-23T17:12:13,turno sintético 10
C00344,11,customer,2026-09-11T18:50:19,turno sintético 11
C00574,11,customer,2026-08-14T16:34:08,turno sintético 11
C00170,1,customer,2026-08-15T15:04:39,turno sintético 1
C00364,9,customer,2026-08-16T18:24:32,turno sintético 9
C00486,6,agent,2026-09-02T10:09:41,turno sintético 6
C00458,1,customer,2026-09-12T17:45:33,turno sintético 1
C00316,8,agent,2026-08-02T16:05:38,turno sintético 8
C00596,7,customer,2026-08-11T17:05:30,turno sintético 7
C00596,4,agent,2026-08-11T17:04:04,turno sintético 4
C00310,2,agent,2026-08-31T14:21:37,turno sintético 2
C00253,2,agent,2026-09-01T10:31:20,turno sintético 2
C00473,3,customer,2026-08-07T16:19:17,turno sintético 3
C00295,11,customer,2026-08-02T13:14:47,turno sintético 11
C00533,2,agent,2026-09-12T16:40:05,turno sintético 2
C00327,6,agent,2026-08-21T09:17:13,turno sintético 6
C00022,6,agent,2026-08-15T12:50:42,turno sintético 6
C00090,10,agent,2026-09-12T15:54:25,turno sintético 10
C00519,0,agent,2026-08-08T12:26:28,turno sintético 0
C00161,1,customer,2026-08-10T09:17:12,turno sintético 1
C00016,2,agent,2026-08-16T15:19:16,turno sintético 2
C00078,5,customer,2026-08-25T16:46:39,turno sintético 5
C00201,0,agent,2026-08-24T14:24:30,turno sintético 0
C00203,1,customer,2026-09-08T09:56:18,turno sintético 1
C00419,4,agent,2026-08-30T12:35:02,turno sintético 4
C00145,10,agent,2026-09-02T14:38:58,turno sintético 10
C00257,6,agent,2026-09-03T12:28:40,turno sintético 6
C00277,8,agent,2026-08-05T17:41:20,turno sintético 8
C00529,0,agent,2026-08-28T11:13:30,turno sintético 0
C00106,3,customer,2026-08-31T12:19:57,turno sintético 3
C00424,2,agent,2026-09-07T17:17:06,turno sintético 2
C00386,12,agent,2026-08-29T18:08:54,turno sintético 12
C00364,0,agent,2026-08-16T18:20:08,turno sintético 0
C00537,4,agent,2026-08-16T19:02:12,turno sintético 4
C00016,9,customer,2026-08-16T15:22:30,turno sintético 9
C00057,3,customer,2026-08-31T14:57:21,turno sintético 3
C00502,0,agent,2026-08-16T17:55:21,turno sintético 0
C00337,0,agent,2026-08-26T17:36:28,turno sintético 0
C00253,9,customer,2026-09-01T10:33:46,turno sintético 9
C00356,1,customer,2026-09-14T17:08:50,turno sintético 1
C00571,1,customer,2026-08-03T18:19:26,turno sintético 1
C00091,3,customer,2026-08-08T14:54:05,turno sintético 3
C00338,2,agent,2026-09-04T12:39:48,turno sintético 2
C00408,2,agent,2026-08-03T14:48:35,turno sintético 2
C00212,5,customer,2026-08-10T10:50:12,turno sintético 5
C00197,3,customer,2026-08-07T10:46:33,turno sintético 3
C00598,6,agent,2026-08-25T18:41:36,turno sintético 6
C00293,2,agent,2026-08-25T15:28:07,turno sintético 2
C00178,0,agent,2026-09-14T18:49:31,turno sintético 0
C00202,6,agent,2026-08-06T14:19:14,turno sintético 6
C00563,4,agent,2026-08-20T16:49:44,turno sintético 4
C00562,4,agent,2026-08-03T09:31:00,turno sintético 4
C00534,4,agent,2026-09-11T18:34:03,turno sintético 4
C00173,0,agent,2026-08-20T13:34:22,turno sintético 0
C00438,2,agent,2026-08-11T18:09:07,turno sintético 2
C00561,5,customer,2026-08-22T15:26:24,turno sintético 5
C00464,10,agent,2026-09-01T11:01:55,turno sintético 10
C00122,3,customer,2026-09-01T17:51:24,turno sintético 3
C00286,3,customer,2026-09-11T17:46:02,turno sintético 3
C00152,2,agent,2026-08-10T13:43:03,turno sintético 2
C00497,10,agent,2026-08-19T11:08:07,turno sintético 10
C00044,11,customer,2026-08-13T14:26:58,turno sintético 11
C00214,2,agent,2026-08-13T15:51:04,turno sintético 2
C00169,2,agent,2026-08-11T18:38:18,turno sintético 2
C00404,1,customer,2026-09-12T15:39:24,turno sintético 1
C00004,1,customer,2026-08-18T10:08:12,turno sintético 1
C00005,4,agent,2026-09-08T10:06:56,turno sintético 4
C00362,4,agent,2026-09-05T15:31:15,turno sintético 4
C00476,2,agent,2026-09-12T14:47:53,turno sintético 2
C00384,5,customer,2026-08-25T10:09:29,turno sintético 5
C00523,7,customer,2026-08-13T14:11:14,turno sintético 7
C00595,6,agent,2026-08-30T14:21:10,turno sintético 6
C00087,0,agent,2026-08-21T13:21:28,turno sintético 0
C00406,0,agent,2026-08-19T12:27:45,turno sintético 0
C00288,8,agent,2026-08-18T15:11:05,turno sintético 8
C00078,8,agent,2026-08-25T16:47:44,turno sintético 8
C00263,1,customer,2026-09-01T11:50:07,turno sintético 1
C00309,2,agent,2026-08-23T17:49:05,turno sintético 2
C00059,0,agent,2026-08-29T17:16:23,turno sintético 0
C00425,8,agent,2026-08-30T16:12:26,turno sintético 8
C00244,2,agent,2026-09-08T09:08:53,turno sintético 2
C00175,8,agent,2026-09-11T11:23:25,turno sintético 8
C00270,0,agent,2026-09-08T17:44:45,turno sintético 0
C00535,4,agent,2026-08-12T16:05:32,turno sintético 4
C00293,1,customer,2026-08-25T15:27:48,turno sintético 1
C00319,2,agent,2026-08-21T17:08:37,turno sintético 2
C00030,4,agent,2026-09-15T12:41:00,turno sintético 4
C00277,3,customer,2026-08-05T17:38:32,turno sintético 3
C00473,4,agent,2026-08-07T16:19:23,turno sintético 4
C00116,0,agent,2026-08-13T09:42:08,turno sintético 0
C00557,1,customer,2026-08-04T11:10:51,turno sintético 1
C00384,6,agent,2026-08-25T10:09:59,turno sintético 6
C00306,0,agent,2026-08-15T12:19:31,turno sintético 0
C00355,6,agent,2026-08-29T13:43:11,turno sintético 6
C00203,2,agent,2026-09-08T09:56:44,turno sintético 2
C00334,3,customer,2026-08-17T09:51:16,turno sintético 3
C00321,5,customer,2026-08-01T18:24:12,turno sintético 5
C00322,0,agent,2026-08-09T13:56:16,turno sintético 0
C00495,4,agent,2026-08-11T16:59:49,turno sintético 4
C00497,2,agent,2026-08-19T11:05:42,turno sintético 2
C00451,10,agent,2026-08-08T13:59:03,turno sintético 10
C00176,4,agent,2026-08-27T17:33:59,turno sintético 4
C00588,0,agent,2026-08-26T16:18:29,turno sintético 0
C00023,6,agent,2026-08-07T16:26:48,turno sintético 6
C00483,2,agent,2026-08-18T16:30:58,turno sintético 2
C00535,7,customer,2026-08-12T16:06:57,turno sintético 7
C00343,5,customer,2026-09-06T17:38:23,turno sintético 5
C00111,4,agent,2026-08-16T14:10:48,turno sintético 4
C00511,7,customer,2026-09-11T14:58:47,turno sintético 7
C00472,6,agent,2026-08-11T17:40:45,turno sintético 6
C00265,1,customer,2026-09-02T18:35:24,turno sintético 1
C00234,7,customer,2026-09-06T11:33:27,turno sintético 7
C00561,1,customer,2026-08-22T15:24:26,turno sintético 1
C00024,9,customer,2026-08-20T17:43:41,turno sintético 9
C00149,2,agent,2026-09-07T10:15:28,turno sintético 2
C00029,10,agent,2026-08-29T17:39:54,turno sintético 10
C00352,5,customer,2026-08-18T12:53:17,turno sintético 5
C00123,5,customer,2026-09-02T12:51:30,turno sintético 5
C00092,1,customer,2026-09-01T16:20:34,turno sintético 1
C00471,9,customer,2026-08-25T16:45:33,turno sintético 9
C00538,0,agent,2026-08-06T17:32:33,turno sintético 0
C00201,8,agent,2026-08-24T14:28:35,turno sintético 8
C00465,4,agent,2026-08-07T11:54:38,turno sintético 4
C00314,2,agent,2026-08-25T12:21:42,turno sintético 2
C00122,7,customer,2026-09-01T17:53:19,turno sintético 7
C00424,4,agent,2026-09-07T17:17:45,turno sintético 4
C00365,1,customer,2026-08-20T14:31:09,turno sintético 1
C00579,2,agent,2026-08-31T10:11:23,turno sintético 2
C00088,4,agent,2026-09-12T11:07:23,turno sintético 4
C00460,5,customer,2026-08-02T10:34:03,turno sintético 5
C00319,0,agent,2026-08-21T17:07:39,turno sintético 0
C00244,8,agent,2026-09-08T09:12:14,turno sintético 8
C00111,3,customer,2026-08-16T14:10:07,turno sintético 3
C00473,8,agent,2026-08-07T16:21:08,turno sintético 8
C00291,5,customer,2026-09-02T17:44:45,turno sintético 5
C00112,6,agent,2026-08-01T15:04:14,turno sintético 6
C00362,2,agent,2026-09-05T15:30:19,turno sintético 2
C00212,3,customer,2026-08-10T10:49:29,turno sintético 3
C00521,7,customer,2026-08-05T10:29:24,turno sintético 7
C00519,8,agent,2026-08-08T12:30:00,turno sintético 8
C00257,0,agent,2026-09-03T12:26:10,turno sintético 0
C00320,2,agent,2026-09-10T18:37:56,turno sintético 2
C00554,9,customer,2026-09-10T16:26:55,turno sintético 9
C00144,11,customer,2026-08-19T09:42:44,turno sintético 11
C00149,3,customer,2026-09-07T10:16:01,turno sintético 3
C00200,2,agent,2026-08-13T15:43:04,turno sintético 2
C00562,5,customer,2026-08-03T09:31:13,turno sintético 5
C00252,2,agent,2026-09-06T16:48:46,turno sintético 2
C00477,8,agent,2026-08-07T14:48:33,turno sintético 8
C00073,2,agent,2026-08-20T16:32:37,turno sintético 2
C00136,2,agent,2026-09-03T15:29:56,turno sintético 2
C00327,4,agent,2026-08-21T09:16:27,turno sintético 4
C00483,0,agent,2026-08-18T16:30:28,turno sintético 0
C00049,0,agent,2026-09-12T10:23:35,turno sintético 0
C00203,0,agent,2026-09-08T09:56:12,turno sintético 0
C00255,10,agent,2026-09-03T18:00:51,turno sintético 10
C00007,2,agent,2026-08-24T14:15:30,turno sintético 2
C00596,11,customer,2026-08-11T17:07:37,turno sintético 11
C00449,1,customer,2026-08-27T12:00:03,turno sintético 1
C00187,3,customer,2026-08-06T18:40:34,turno sintético 3
C00395,3,customer,2026-09-03T09:34:53,turno sintético 3
C00238,0,agent,2026-08-31T09:38:28,turno sintético 0
C00564,4,agent,2026-08-13T18:10:21,turno sintético 4
C00390,0,agent,2026-08-30T17:41:31,turno sintético 0
C00363,1,customer,2026-08-09T12:28:00,turno sintético 1
C00483,11,customer,2026-08-18T16:34:55,turno sintético 11
C00214,10,agent,2026-08-13T15:54:32,turno sintético 10
C00270,9,customer,2026-09-08T17:49:37,turno sintético 9
C00476,1,customer,2026-09-12T14:47:29,turno sintético 1
C00257,9,customer,2026-09-03T12:29:21,turno sintético 9
C00212,1,customer,2026-08-10T10:48:39,turno sintético 1
C00293,8,agent,2026-08-25T15:30:03,turno sintético 8
C00532,9,customer,2026-08-02T11:31:20,turno sintético 9
C00365,0,agent,2026-08-20T14:30:31,turno sintético 0
C00295,0,agent,2026-08-02T13:09:43,turno sintético 0
C00574,0,agent,2026-08-14T16:29:30,turno sintético 0
C00435,5,customer,2026-08-13T16:51:02,turno sintético 5
C00356,7,customer,2026-09-14T17:11:07,turno sintético 7
C00066,6,agent,2026-09-10T10:44:57,turno sintético 6
C00193,6,agent,2026-08-05T18:09:17,turno sintético 6
C00256,8,agent,2026-08-27T16:37:14,turno sintético 8
C00197,1,customer,2026-08-07T10:45:48,turno sintético 1
C00589,6,agent,2026-08-05T12:46:09,turno sintético 6
C00112,8,agent,2026-08-01T15:04:47,turno sintético 8
C00486,1,customer,2026-09-02T10:08:06,turno sintético 1
C00212,8,agent,2026-08-10T10:50:56,turno sintético 8
C00284,9,customer,2026-09-08T10:31:09,turno sintético 9
C00140,8,agent,2026-09-13T18:20:10,turno sintético 8
C00562,6,agent,2026-08-03T09:31:42,turno sintético 6
C00016,5,customer,2026-08-16T15:20:40,turno sintético 5
C00598,7,customer,2026-08-25T18:42:19,turno sintético 7
C00584,0,agent,2026-08-05T10:47:21,turno sintético 0
C00219,4,agent,2026-09-06T18:39:05,turno sintético 4
C00005,8,agent,2026-09-08T10:09:01,turno sintético 8
C00275,1,customer,2026-08-08T15:26:21,turno sintético 1
C00497,0,agent,2026-08-19T11:04:44,turno sintético 0
C00097,0,agent,2026-08-29T10:09:27,turno sintético 0
C00274,5,customer,2026-09-05T09:56:55,turno sintético 5
C00032,4,agent,2026-09-06T09:28:53,turno sintético 4
C00227,4,agent,2026-08-19T09:22:43,turno sintético 4
C00049,1,customer,2026-09-12T10:23:58,turno sintético 1
C00537,1,customer,2026-08-16T19:01:04,turno sintético 1
C00000,0,agent,2026-08-02T13:41:10,turno sintético 0
C00023,0,agent,2026-08-07T16:24:05,turno sintético 0
C00426,3,customer,2026-08-16T13:14:55,turno sintético 3
C00094,3,customer,2026-08-07T13:10:44,turno sintético 3
C00494,5,customer,2026-08-17T17:50:21,turno sintético 5
C00001,7,customer,2026-09-15T18:21:19,turno sintético 7
C00480,2,agent,2026-08-09T09:30:04,turno sintético 2
C00248,1,customer,2026-08-11T18:31:29,turno sintético 1
C00483,10,agent,2026-08-18T16:34:10,turno sintético 10
C00106,8,agent,2026-08-31T12:21:19,turno sintético 8
C00464,7,customer,2026-09-01T11:00:59,turno sintético 7
C00486,7,customer,2026-09-02T10:09:54,turno sintético 7
C00533,1,customer,2026-09-12T16:39:55,turno sintético 1
C00225,2,agent,2026-09-14T10:10:36,turno sintético 2
C00097,1,,2026-08-29T10:10:04,turno sintético 1
C00473,6,agent,2026-08-07T16:20:27,turno sintético 6
C00221,2,agent,2026-08-20T14:31:28,turno sintético 2
C00315,5,customer,2026-08-04T15:50:03,turno sintético 5
C00018,5,customer,2026-09-10T13:29:58,turno sintético 5
C00492,1,customer,2026-08-29T13:14:16,turno sintético 1
C00344,0,agent,2026-09-11T18:45:17,turno sintético 0
C00255,0,agent,2026-09-03T17:56:15,turno sintético 0
C00557,2,agent,2026-08-04T11:10:56,turno sintético 2
C00152,3,customer,2026-08-10T13:43:10,turno sintético 3
C00363,5,customer,2026-08-09T12:30:13,turno sintético 5
C00129,7,customer,2026-08-11T16:32:57,turno sintético 7
C00016,4,agent,2026-08-16T15:20:22,turno sintético 4
C00029,5,customer,2026-08-29T17:38:13,turno sintético 5
C00016,3,customer,2026-08-16T15:19:39,turno sintético 3
C00568,8,agent,2026-08-26T12:47:28,turno sintético 8
C00267,4,agent,2026-08-13T14:48:40,turno sintético 4
C00584,1,customer,2026-08-05T10:47:39,turno sintético 1
C00001,6,agent,2026-09-15T18:20:45,turno sintético 6
C00377,1,customer,2026-09-10T12:34:37,turno sintético 1
C00424,9,customer,2026-09-07T17:19:16,turno sintético 9
C00397,1,customer,2026-08-31T14:08:35,turno sintético 1
C00016,1,customer,2026-08-16T15:18:54,turno sintético 1
C00507,0,agent,2026-08-13T10:28:42,turno sintético 0
C00057,7,customer,2026-08-31T14:58:45,turno sintético 7
C00401,0,agent,2026-08-04T15:31:36,turno sintético 0
C00492,7,customer,2026-08-29T13:17:30,turno sintético 7
C00464,4,agent,2026-09-01T10:59:38,turno sintético 4
C00141,3,customer,2026-09-12T18:05:01,turno sintético 3
C00062,8,agent,2026-08-31T14:56:35,turno sintético 8
C00030,1,customer,2026-09-15T12:40:04,turno sintético 1
C00475,0,agent,2026-08-21T15:26:18,turno sintético 0
C00528,0,agent,2026-08-13T15:09:10,turno sintético 0
C00463,1,customer,2026-08-14T17:47:04,turno sintético 1
C00448,1,customer,2026-08-14T14:10:15,turno sintético 1
C00265,10,agent,2026-09-02T18:39:29,turno sintético 10
C00447,5,customer,2026-08-24T15:37:27,turno sintético 5
C00258,2,agent,2026-08-30T14:04:09,turno sintético 2
C00191,8,agent,2026-09-02T10:42:00,turno sintético 8
C00507,6,agent,2026-08-13T10:31:01,turno sintético 6
C00206,0,agent,2026-08-24T11:02:38,turno sintético 0
C00331,6,agent,2026-08-21T17:02:07,turno sintético 6
C00219,0,agent,2026-09-06T18:37:19,turno sintético 0
C00299,4,agent,2026-09-07T18:50:19,turno sintético 4
C00197,7,customer,2026-08-07T10:48:47,turno sintético 7
C00231,1,customer,2026-08-06T18:18:03,turno sintético 1
C00380,1,customer,2026-08-07T15:32:49,turno sintético 1
C00564,0,agent,2026-08-13T18:08:42,turno sintético 0
C00195,5,customer,2026-09-11T15:11:16,turno sintético 5
C00533,4,agent,2026-09-12T16:40:26,turno sintético 4
C00088,13,customer,2026-09-12T11:12:13,turno sintético 13
C00479,9,customer,2026-08-30T11:34:43,turno sintético 9
C00472,1,customer,2026-08-11T17:38:49,turno sintético 1
C00364,7,customer,2026-08-16T18:23:11,turno sintético 7
C00029,7,customer,2026-08-29T17:39:17,turno sintético 7
C00470,1,customer,2026-09-12T17:29:13,turno sintético 1
C00267,6,agent,2026-08-13T14:49:52,turno sintético 6
C00323,8,agent,2026-08-22T16:13:02,turno sintético 8
C00244,9,customer,2026-09-08T09:12:25,turno sintético 9
C00187,2,agent,2026-08-06T18:39:57,turno sintético 2
C00561,2,agent,2026-08-22T15:24:49,turno sintético 2
C00390,3,customer,2026-08-30T17:43:19,turno sintético 3
C00343,9,customer,2026-09-06T17:40:08,turno sintético 9
C00062,6,agent,2026-08-31T14:55:58,turno sintético 6
C00331,9,customer,2026-08-21T17:03:20,turno sintético 9
C00458,0,agent,2026-09-12T17:45:09,turno sintético 0
C00340,2,agent,2026-08-31T11:58:20,turno sintético 2
C00145,0,agent,2026-09-02T14:35:41,turno sintético 0
C00408,0,agent,2026-08-03T14:47:39,turno sintético 0
C00127,4,agent,2026-08-06T13:18:41,turno sintético 4
C00392,9,customer,2026-09-09T10:34:20,turno sintético 9
C00451,2,agent,2026-08-08T13:55:41,turno sintético 2
C00290,1,customer,2026-09-05T13:27:01,turno sintético 1
C00175,5,customer,2026-09-11T11:21:50,turno sintético 5
C00287,7,customer,2026-08-17T10:44:19,turno sintético 7
C00161,12,agent,2026-08-10T09:21:52,turno sintético 12
C00208,9,customer,2026-08-01T15:20:50,turno sintético 9
C00009,2,agent,2026-08-16T12:50:59,turno sintético 2
C00456,4,agent,2026-08-31T14:57:23,turno sintético 4
C00273,0,agent,2026-09-02T13:54:31,turno sintético 0
C00028,0,agent,2026-08-12T17:50:34,turno sintético 0
C00193,5,customer,2026-08-05T18:09:11,turno sintético 5
C00092,4,agent,2026-09-01T16:22:28,turno sintético 4
C00065,0,agent,2026-09-04T09:36:10,turno sintético 0
C00129,8,agent,2026-08-11T16:33:11,turno sintético 8
C00029,8,agent,2026-08-29T17:39:27,turno sintético 8
C00075,0,agent,2026-08-26T09:14:28,turno sintético 0
C00322,10,agent,2026-08-09T13:58:51,turno sintético 10
C00292,1,customer,2026-08-24T12:59:49,turno sintético 1
C00598,0,agent,2026-08-25T18:39:35,turno sintético 0
C00161,3,customer,2026-08-10T09:18:01,turno sintético 3
C00310,6,agent,2026-08-31T14:23:12,turno sintético 6
C00122,6,agent,2026-09-01T17:52:40,turno sintético 6
C00287,9,customer,2026-08-17T10:45:06,turno sintético 9
C00000,1,,2026-08-02T13:41:28,turno sintético 1
C00275,2,agent,2026-08-08T15:26:35,turno sintético 2
C00193,2,agent,2026-08-05T18:07:41,turno sintético 2
C00311,10,agent,2026-08-18T17:26:06,turno sintético 10
C00144,3,customer,2026-08-19T09:39:36,turno sintético 3
C00274,6,agent,2026-09-05T09:57:11,turno sintético 6
C00287,3,customer,2026-08-17T10:42:04,turno sintético 3
C00055,0,agent,2026-09-13T18:49:07,turno sintético 0
C00135,0,agent,2026-08-21T14:26:31,turno sintético 0
C00323,1,customer,2026-08-22T16:10:33,turno sintético 1
C00012,9,customer,2026-08-07T13:17:28,turno sintético 9
C00562,2,agent,2026-08-03T09:30:43,turno sintético 2
C00384,3,customer,2026-08-25T10:08:49,turno sintético 3
C00519,5,customer,2026-08-08T12:28:56,turno sintético 5
C00479,6,agent,2026-08-30T11:32:53,turno sintético 6
C00425,1,customer,2026-08-30T16:08:41,turno sintético 1
C00213,4,agent,2026-09-13T14:07:15,turno sintético 4
C00141,5,customer,2026-09-12T18:05:53,turno sintético 5
C00400,9,customer,2026-08-17T12:21:08,turno sintético 9
C00597,2,agent,2026-09-15T17:01:33,turno sintético 2
C00392,8,agent,2026-09-09T10:33:39,turno sintético 8
C00404,0,agent,2026-09-12T15:39:19,turno sintético 0
C00545,0,agent,2026-08-13T16:35:45,turno sintético 0
C00204,5,customer,2026-09-01T18:41:42,turno sintético 5
C00295,4,agent,2026-08-02T13:11:38,turno sintético 4
C00321,2,agent,2026-08-01T18:22:43,turno sintético 2
C00002,0,agent,2026-08-19T15:10:10,turno sintético 0
C00295,1,customer,2026-08-02T13:10:24,turno sintético 1
C00495,2,agent,2026-08-11T16:58:57,turno sintético 2
C00352,2,agent,2026-08-18T12:51:39,turno sintético 2
C00253,4,agent,2026-09-01T10:31:31,turno sintético 4
C00415,0,agent,2026-08-16T18:55:05,turno sintético 0
C00287,11,customer,2026-08-17T10:45:36,turno sintético 11
C00360,0,agent,2026-08-12T16:44:25,turno sintético 0
C00157,1,customer,2026-08-29T15:20:22,turno sintético 1
C00229,0,agent,2026-08-14T12:14:28,turno sintético 0
C00362,1,customer,2026-09-05T15:29:55,turno sintético 1
C00532,1,customer,2026-08-02T11:27:16,turno sintético 1
C00091,0,agent,2026-08-08T14:53:05,turno sintético 0
C00455,9,customer,2026-08-18T15:16:17,turno sintético 9
C00571,4,agent,2026-08-03T18:20:40,turno sintético 4
C00187,4,agent,2026-08-06T18:40:46,turno sintético 4
C00258,3,customer,2026-08-30T14:04:20,turno sintético 3
C00356,11,customer,2026-09-14T17:13:02,turno sintético 11
C00151,0,agent,2026-08-20T16:54:20,turno sintético 0
C00161,0,agent,2026-08-10T09:16:36,turno sintético 0
C00293,3,customer,2026-08-25T15:28:16,turno sintético 3
C00087,2,agent,2026-08-21T13:22:21,turno sintético 2
C00323,2,agent,2026-08-22T16:10:54,turno sintético 2
C00334,5,customer,2026-08-17T09:51:49,turno sintético 5
C00394,3,customer,2026-08-09T17:38:45,turno sintético 3
C00344,1,customer,2026-09-11T18:45:42,turno sintético 1
C00440,0,agent,2026-09-04T14:08:14,turno sintético 0
C00417,4,agent,2026-08-29T16:03:12,turno sintético 4
C00531,0,agent,2026-09-15T16:48:12,turno sintético 0
C00521,9,customer,2026-08-05T10:30:46,turno sintético 9
C00586,13,customer,2026-09-04T15:44:51,turno sintético 13
C00163,9,customer,2026-09-15T11:37:44,turno sintético 9
C00322,6,agent,2026-08-09T13:58:03,turno sintético 6
C00450,0,agent,2026-09-07T14:11:14,turno sintético 0
C00119,6,agent,2026-09-15T16:18:56,turno sintético 6
C00009,0,agent,2026-08-16T12:50:05,turno sintético 0
C00545,2,agent,2026-08-13T16:36:28,turno sintético 2
C00163,4,agent,2026-09-15T11:35:50,turno sintético 4
C00277,5,customer,2026-08-05T17:39:32,turno sintético 5
C00495,9,customer,2026-08-11T17:02:34,turno sintético 9
C00404,6,agent,2026-09-12T15:42:00,turno sintético 6
C00493,4,agent,2026-09-12T15:20:44,turno sintético 4
C00483,1,customer,2026-08-18T16:30:52,turno sintético 1
C00227,3,customer,2026-08-19T09:21:59,turno sintético 3
C00443,0,agent,2026-08-02T15:51:10,turno sintético 0
C00044,4,agent,2026-08-13T14:24:52,turno sintético 4
C00364,4,agent,2026-08-16T18:21:21,turno sintético 4
C00360,1,customer,2026-08-12T16:44:40,turno sintético 1
C00348,0,agent,2026-08-03T13:21:28,turno sintético 0
C00291,7,customer,2026-09-02T17:45:40,turno sintético 7
C00317,2,agent,2026-08-15T14:22:02,turno sintético 2
C00366,1,customer,2026-09-14T13:55:21,turno sintético 1
C00003,7,customer,2026-08-30T15:16:27,turno sintético 7
C00401,2,agent,2026-08-04T15:32:37,turno sintético 2
C00598,4,agent,2026-08-25T18:41:01,turno sintético 4
C00122,11,customer,2026-09-01T17:55:06,turno sintético 11
C00582,5,customer,2026-08-26T12:01:19,turno sintético 5
C00126,0,agent,2026-08-12T11:12:15,turno sintético 0
C00241,9,customer,2026-08-20T17:42:36,turno sintético 9
C00390,5,customer,2026-08-30T17:43:33,turno sintético 5
C00532,12,agent,2026-08-02T11:32:55,turno sintético 12
C00297,5,customer,2026-08-30T10:13:25,turno sintético 5
C00403,0,agent,2026-08-05T10:12:14,turno sintético 0
C00364,2,agent,2026-08-16T18:20:50,turno sintético 2
C00394,2,agent,2026-08-09T17:38:12,turno sintético 2
C00031,2,agent,2026-08-15T13:40:36,turno sintético 2
C00066,7,customer,2026-09-10T10:45:07,turno sintético 7
C00455,4,agent,2026-08-18T15:13:37,turno sintético 4
C00282,0,agent,2026-08-03T10:29:29,turno sintético 0
C00229,10,agent,2026-08-14T12:18:15,turno sintético 10
C00111,1,customer,2026-08-16T14:08:45,turno sintético 1
C00136,3,customer,2026-09-03T15:30:34,turno sintético 3
C00379,0,agent,2026-09-09T14:46:35,turno sintético 0
C00004,6,agent,2026-08-18T10:10:25,turno sintético 6
C00013,6,agent,2026-08-17T16:48:00,turno sintético 6
C00043,5,customer,2026-08-06T14:03:53,turno sintético 5
C00208,7,customer,2026-08-01T15:20:15,turno sintético 7
C00121,1,customer,2026-08-29T10:18:32,turno sintético 1
C00214,1,customer,2026-08-13T15:50:23,turno sintético 1
C00578,1,customer,2026-08-05T15:35:40,turno sintético 1
C00511,8,agent,2026-09-11T14:59:22,turno sintético 8
C00208,10,agent,2026-08-01T15:21:08,turno sintético 10
C00390,4,agent,2026-08-30T17:43:26,turno sintético 4
C00476,5,customer,2026-09-12T14:49:23,turno sintético 5
C00370,2,agent,2026-09-03T14:07:25,turno sintético 2
C00383,1,customer,2026-08-31T10:55:33,turno sintético 1
C00586,0,agent,2026-09-04T15:40:29,turno sintético 0
C00491,1,customer,2026-09-06T11:01:01,turno sintético 1
C00088,1,customer,2026-09-12T11:06:08,turno sintético 1
C00538,4,agent,2026-08-06T17:34:03,turno sintético 4
C00153,0,agent,2026-08-16T09:45:25,turno sintético 0
C00435,9,customer,2026-08-13T16:52:48,turno sintético 9
C00208,11,customer,2026-08-01T15:21:46,turno sintético 11
C00399,1,customer,2026-08-22T12:04:49,turno sintético 1
C00359,9,customer,2026-09-03T09:54:23,turno sintético 9
C00202,3,customer,2026-08-06T14:18:20,turno sintético 3
C00152,1,customer,2026-08-10T13:42:20,turno sintético 1
C00293,11,customer,2026-08-25T15:31:29,turno sintético 11
C00456,5,customer,2026-08-31T14:57:41,turno sintético 5
C00317,7,customer,2026-08-15T14:23:12,turno sintético 7
C00145,9,customer,2026-09-02T14:38:28,turno sintético 9
C00343,0,agent,2026-09-06T17:36:21,turno sintético 0
C00286,5,customer,2026-09-11T17:46:34,turno sintético 5
C00144,2,agent,2026-08-19T09:39:15,turno sintético 2
C00211,0,agent,2026-09-06T10:03:33,turno sintético 0
C00270,11,customer,2026-09-08T17:50:32,turno sintético 11
C00498,7,customer,2026-08-26T13:24:35,turno sintético 7
C00090,3,customer,2026-09-12T15:51:21,turno sintético 3
C00031,3,customer,2026-08-15T13:40:42,turno sintético 3
C00001,0,agent,2026-09-15T18:18:29,turno sintético 0
C00463,3,customer,2026-08-14T17:48:07,turno sintético 3
C00338,0,agent,2026-09-04T12:39:05,turno sintético 0
C00135,10,agent,2026-08-21T14:31:49,turno sintético 10
C00327,3,customer,2026-08-21T09:16:12,turno sintético 3
C00160,0,agent,2026-09-02T17:29:25,turno sintético 0
C00514,4,agent,2026-08-04T09:20:14,turno sintético 4
C00320,9,customer,2026-09-10T18:41:16,turno sintético 9
C00502,4,agent,2026-08-16T17:56:56,turno sintético 4
C00588,6,agent,2026-08-26T16:20:55,turno sintético 6
C00129,3,customer,2026-08-11T16:31:30,turno sintético 3
C00501,0,agent,2026-08-06T13:57:14,turno sintético 0
C00040,0,agent,2026-09-11T13:36:42,turno sintético 0
C00593,3,customer,2026-08-21T12:08:30,turno sintético 3
C00506,0,agent,2026-08-20T10:29:18,turno sintético 0
C00530,0,agent,2026-08-26T13:30:15,turno sintético 0
C00297,4,agent,2026-08-30T10:12:48,turno sintético 4
C00312,5,customer,2026-08-24T13:27:37,turno sintético 5
C00494,1,customer,2026-08-17T17:49:31,turno sintético 1
C00356,10,agent,2026-09-14T17:12:42,turno sintético 10
C00234,2,agent,2026-09-06T11:31:29,turno sintético 2
C00022,4,agent,2026-08-15T12:49:44,turno sintético 4
C00116,5,customer,2026-08-13T09:44:08,turno sintético 5
C00128,2,agent,2026-09-10T09:32:28,turno sintético 2
C00255,11,customer,2026-09-03T18:00:59,turno sintético 11
C00010,6,agent,2026-08-03T14:40:37,turno sintético 6
C00511,1,customer,2026-09-11T14:56:09,turno sintético 1
C00344,12,agent,2026-09-11T18:50:52,turno sintético 12
C00590,7,customer,2026-09-15T09:16:09,turno sintético 7
C00361,0,agent,2026-09-15T16:40:44,turno sintético 0
C00122,1,customer,2026-09-01T17:50:49,turno sintético 1
C00322,3,customer,2026-08-09T13:57:12,turno sintético 3
C00015,3,customer,2026-08-21T13:28:45,turno sintético 3
C00483,3,customer,2026-08-18T16:31:41,turno sintético 3
C00338,3,customer,2026-09-04T12:40:06,turno sintético 3
C00383,7,customer,2026-08-31T10:58:49,turno sintético 7
C00389,0,agent,2026-09-12T11:08:13,turno sintético 0
C00322,7,customer,2026-08-09T13:58:22,turno sintético 7
C00231,7,customer,2026-08-06T18:19:52,turno sintético 7
C00131,2,agent,2026-08-30T13:07:06,turno sintético 2
C00435,2,agent,2026-08-13T16:49:29,turno sintético 2
C00087,5,customer,2026-08-21T13:23:51,turno sintético 5
C00318,7,customer,2026-08-26T10:48:10,turno sintético 7
C00090,11,customer,2026-09-12T15:54:58,turno sintético 11
C00343,3,customer,2026-09-06T17:37:38,turno sintético 3
C00091,7,customer,2026-08-08T14:55:27,turno sintético 7
C00190,4,agent,2026-09-15T16:20:25,turno sintético 4
C00365,7,customer,2026-08-20T14:33:29,turno sintético 7
C00449,2,agent,2026-08-27T12:00:39,turno sintético 2
C00015,1,customer,2026-08-21T13:28:25,turno sintético 1
C00032,6,agent,2026-09-06T09:29:34,turno sintético 6
C00534,8,agent,2026-09-11T18:36:20,turno sintético 8
C00130,1,customer,2026-09-09T16:09:10,turno sintético 1
C00537,0,agent,2026-08-16T19:00:45,turno sintético 0
C00016,0,agent,2026-08-16T15:18:40,turno sintético 0
C00560,1,customer,2026-08-20T16:08:38,turno sintético 1
C00220,2,agent,2026-08-13T11:14:15,turno sintético 2
C00193,3,customer,2026-08-05T18:07:52,turno sintético 3
C00407,1,customer,2026-08-13T11:24:03,turno sintético 1
C00587,1,customer,2026-08-02T09:14:36,turno sintético 1
C00073,0,agent,2026-08-20T16:31:38,turno sintético 0
C00455,1,customer,2026-08-18T15:11:56,turno sintético 1
C00498,6,agent,2026-08-26T13:23:58,turno sintético 6
C00161,11,customer,2026-08-10T09:21:14,turno sintético 11
C00029,4,agent,2026-08-29T17:37:47,turno sintético 4
C00244,1,customer,2026-09-08T09:08:16,turno sintético 1
C00372,2,agent,2026-09-06T15:39:24,turno sintético 2
C00128,0,agent,2026-09-10T09:31:30,turno sintético 0
C00404,5,customer,2026-09-12T15:41:21,turno sintético 5
C00320,10,agent,2026-09-10T18:41:40,turno sintético 10
C00507,4,agent,2026-08-13T10:30:23,turno sintético 4
C00288,2,agent,2026-08-18T15:08:45,turno sintético 2
C00548,0,agent,2026-09-03T13:40:34,turno sintético 0
C00426,10,agent,2026-08-16T13:17:12,turno sintético 10
C00129,0,agent,2026-08-11T16:30:11,turno sintético 0
C00534,12,agent,2026-09-11T18:37:51,turno sintético 12
C00471,6,agent,2026-08-25T16:43:38,turno sintético 6
C00318,0,agent,2026-08-26T10:45:24,turno sintético 0
C00307,1,customer,2026-08-05T17:36:10,turno sintético 1
C00043,6,agent,2026-08-06T14:04:14,turno sintético 6
C00471,5,customer,2026-08-25T16:42:58,turno sintético 5
C00203,8,agent,2026-09-08T09:59:27,turno sintético 8
C00067,0,agent,2026-09-09T13:06:21,turno sintético 0
C00041,1,customer,2026-08-16T10:28:48,turno sintético 1
C00284,4,agent,2026-09-08T10:29:51,turno sintético 4
C00256,1,customer,2026-08-27T16:34:44,turno sintético 1
C00386,3,customer,2026-08-29T18:05:43,turno sintético 3
C00080,1,customer,2026-09-06T12:30:28,turno sintético 1
C00438,5,customer,2026-08-11T18:10:09,turno sintético 5
C00419,1,customer,2026-08-30T12:33:51,turno sintético 1
C00023,3,customer,2026-08-07T16:25:39,turno sintético 3
C00406,1,customer,2026-08-19T12:28:12,turno sintético 1
C00316,12,agent,2026-08-02T16:07:42,turno sintético 12
C00094,7,customer,2026-08-07T13:12:12,turno sintético 7
C00224,1,customer,2026-09-01T11:25:11,turno sintético 1
C00399,0,agent,2026-08-22T12:04:38,turno sintético 0
C00201,10,agent,2026-08-24T14:29:59,turno sintético 10
C00433,2,agent,2026-09-05T12:30:31,turno sintético 2
C00502,6,agent,2026-08-16T17:57:42,turno sintético 6
C00103,5,customer,2026-09-01T12:18:42,turno sintético 5
C00059,1,customer,2026-08-29T17:17:00,turno sintético 1
C00041,8,agent,2026-08-16T10:32:04,turno sintético 8
C00574,4,agent,2026-08-14T16:31:40,turno sintético 4
C00492,9,customer,2026-08-29T13:17:42,turno sintético 9
C00287,2,agent,2026-08-17T10:41:50,turno sintético 2
C00597,5,customer,2026-09-15T17:02:48,turno sintético 5
C00338,9,customer,2026-09-04T12:42:56,turno sintético 9
C00316,9,customer,2026-08-02T16:06:22,turno sintético 9
C00224,2,agent,2026-09-01T11:25:44,turno sintético 2
C00514,2,agent,2026-08-04T09:19:15,turno sintético 2
C00259,2,agent,2026-08-09T11:55:21,turno sintético 2
C00548,6,agent,2026-09-03T13:42:50,turno sintético 6
C00156,2,agent,2026-09-04T17:05:20,turno sintético 2
C00041,6,agent,2026-08-16T10:31:21,turno sintético 6
C00523,6,agent,2026-08-13T14:10:54,turno sintético 6
C00419,5,customer,2026-08-30T12:35:28,turno sintético 5
C00175,2,agent,2026-09-11T11:20:10,turno sintético 2
C00205,2,agent,2026-08-12T09:37:18,turno sintético 2
C00345,1,customer,2026-08-13T15:22:31,turno sintético 1
C00291,8,agent,2026-09-02T17:45:59,turno sintético 8
C00003,6,agent,2026-08-30T15:16:08,turno sintético 6
C00531,1,customer,2026-09-15T16:48:40,turno sintético 1
C00493,1,customer,2026-09-12T15:19:46,turno sintético 1
C00587,2,agent,2026-08-02T09:15:01,turno sintético 2
C00311,2,agent,2026-08-18T17:23:20,turno sintético 2
C00025,3,customer,2026-08-30T16:33:20,turno sintético 3
C00543,8,agent,2026-09-12T14:32:34,turno sintético 8
C00338,6,agent,2026-09-04T12:40:59,turno sintético 6
C00284,2,agent,2026-09-08T10:29:06,turno sintético 2
C00589,0,agent,2026-08-05T12:43:45,turno sintético 0
C00119,2,agent,2026-09-15T16:17:20,turno sintético 2
C00248,0,agent,2026-08-11T18:31:10,turno sintético 0
C00492,2,agent,2026-08-29T13:14:42,turno sintético 2
C00363,0,agent,2026-08-09T12:27:18,turno sintético 0
C00547,0,agent,2026-09-01T11:54:09,turno sintético 0
C00480,6,agent,2026-08-09T09:31:25,turno sintético 6
C00343,8,agent,2026-09-06T17:39:51,turno sintético 8
C00110,0,agent,2026-09-15T17:00:40,turno sintético 0
C00212,6,agent,2026-08-10T10:50:26,turno sintético 6
C00472,5,customer,2026-08-11T17:40:39,turno sintético 5
C00133,1,customer,2026-09-09T11:02:00,turno sintético 1
C00557,6,agent,2026-08-04T11:12:38,turno sintético 6
C00288,1,customer,2026-08-18T15:08:32,turno sintético 1
C00211,2,agent,2026-09-06T10:04:14,turno sintético 2
C00378,1,customer,2026-09-04T14:58:35,turno sintético 1
C00568,1,customer,2026-08-26T12:43:46,turno sintético 1
C00318,4,agent,2026-08-26T10:46:59,turno sintético 4
C00351,1,customer,2026-08-22T17:21:59,turno sintético 1
C00330,0,agent,2026-08-23T11:17:36,turno sintético 0
C00291,3,customer,2026-09-02T17:44:11,turno sintético 3
C00200,3,customer,2026-08-13T15:43:13,turno sintético 3
C00277,7,customer,2026-08-05T17:40:36,turno sintético 7
C00184,6,agent,2026-08-16T14:15:47,turno sintético 6
C00257,3,customer,2026-09-03T12:27:39,turno sintético 3
C00067,2,agent,2026-09-09T13:07:16,turno sintético 2
C00146,3,customer,2026-08-24T12:47:52,turno sintético 3
C00372,4,agent,2026-09-06T15:40:21,turno sintético 4
C00491,4,agent,2026-09-06T11:01:59,turno sintético 4
C00203,7,customer,2026-09-08T09:58:46,turno sintético 7
C00257,1,customer,2026-09-03T12:26:22,turno sintético 1
C00062,3,customer,2026-08-31T14:54:26,turno sintético 3
C00312,4,agent,2026-08-24T13:27:15,turno sintético 4
C00434,0,agent,2026-08-08T17:01:28,turno sintético 0
C00129,6,agent,2026-08-11T16:32:37,turno sintético 6
C00172,11,customer,2026-08-06T12:15:56,turno sintético 11
C00316,7,customer,2026-08-02T16:04:53,turno sintético 7
C00314,0,agent,2026-08-25T12:20:38,turno sintético 0
C00149,5,customer,2026-09-07T10:16:59,turno sintético 5
C00127,9,customer,2026-08-06T13:20:06,turno sintético 9
C00322,5,customer,2026-08-09T13:57:58,turno sintético 5
C00144,0,agent,2026-08-19T09:38:26,turno sintético 0
C00519,9,customer,2026-08-08T12:30:31,turno sintético 9
C00044,0,agent,2026-08-13T14:23:28,turno sintético 0
C00013,2,agent,2026-08-17T16:46:50,turno sintético 2
C00127,0,agent,2026-08-06T13:16:44,turno sintético 0
C00493,9,customer,2026-09-12T15:22:30,turno sintético 9
C00327,5,customer,2026-08-21T09:17:03,turno sintético 5
C00386,2,agent,2026-08-29T18:05:20,turno sintético 2
C00535,10,agent,2026-08-12T16:07:35,turno sintético 10
C00169,7,customer,2026-08-11T18:40:46,turno sintético 7
C00310,11,customer,2026-08-31T14:25:45,turno sintético 11
C00415,4,agent,2026-08-16T18:56:18,turno sintético 4
C00030,0,agent,2026-09-15T12:39:29,turno sintético 0
C00479,3,customer,2026-08-30T11:32:03,turno sintético 3
C00505,1,customer,2026-08-02T09:06:00,turno sintético 1
C00400,7,customer,2026-08-17T12:20:14,turno sintético 7
C00310,12,agent,2026-08-31T14:26:10,turno sintético 12
C00297,0,agent,2026-08-30T10:10:35,turno sintético 0
C00464,8,agent,2026-09-01T11:01:11,turno sintético 8
C00041,7,customer,2026-08-16T10:31:26,turno sintético 7
C00533,3,customer,2026-09-12T16:40:20,turno sintético 3
C00003,1,customer,2026-08-30T15:13:51,turno sintético 1
C00475,1,customer,2026-08-21T15:26:44,turno sintético 1
C00402,0,agent,2026-08-07T11:27:33,turno sintético 0
C00007,4,agent,2026-08-24T14:16:29,turno sintético 4
C00471,3,customer,2026-08-25T16:41:41,turno sintético 3
C00366,2,agent,2026-09-14T13:55:57,turno sintético 2
C00334,8,agent,2026-08-17T09:52:56,turno sintético 8
C00049,2,agent,2026-09-12T10:24:05,turno sintético 2
C00280,1,customer,2026-08-11T18:10:43,turno sintético 1
C00214,11,customer,2026-08-13T15:54:50,turno sintético 11
C00202,1,customer,2026-08-06T14:17:52,turno sintético 1
C00419,3,customer,2026-08-30T12:34:41,turno sintético 3
C00438,3,customer,2026-08-11T18:09:35,turno sintético 3
C00398,6,agent,2026-08-19T16:42:02,turno sintético 6
C00013,10,agent,2026-08-17T16:49:17,turno sintético 10
C00267,2,agent,2026-08-13T14:47:26,turno sintético 2
C00338,11,customer,2026-09-04T12:44:18,turno sintético 11
C00145,5,customer,2026-09-02T14:37:03,turno sintético 5
C00247,0,agent,2026-08-27T15:54:39,turno sintético 0
C00471,4,agent,2026-08-25T16:42:22,turno sintético 4
C00341,2,agent,2026-08-23T16:25:10,turno sintético 2
C00157,6,agent,2026-08-29T15:22:23,turno sintético 6
C00145,13,customer,2026-09-02T14:40:11,turno sintético 13
C00479,1,customer,2026-08-30T11:31:32,turno sintético 1
C00426,9,customer,2026-08-16T13:16:59,turno sintético 9
C00497,6,agent,2026-08-19T11:07:02,turno sintético 6
C00187,0,agent,2026-08-06T18:38:41,turno sintético 0
C00578,4,agent,2026-08-05T15:36:56,turno sintético 4
C00208,2,agent,2026-08-01T15:18:25,turno sintético 2
C00023,5,customer,2026-08-07T16:26:39,turno sintético 5
C00397,0,agent,2026-08-31T14:08:21,turno sintético 0
C00389,3,customer,2026-09-12T11:10:01,turno sintético 3
C00153,6,agent,2026-08-16T09:48:12,turno sintético 6
C00012,6,agent,2026-08-07T13:16:32,turno sintético 6
C00231,3,customer,2026-08-06T18:18:25,turno sintético 3
C00234,5,customer,2026-09-06T11:32:17,turno sintético 5
C00012,1,customer,2026-08-07T13:14:15,turno sintético 1
C00179,1,customer,2026-08-23T17:07:55,turno sintético 1
C00059,3,customer,2026-08-29T17:17:53,turno sintético 3
C00135,3,customer,2026-08-21T14:28:22,turno sintético 3
C00203,9,customer,2026-09-08T10:00:12,turno sintético 9
C00001,3,customer,2026-09-15T18:19:34,turno sintético 3
C00255,12,agent,2026-09-03T18:01:10,turno sintético 12
C00282,4,agent,2026-08-03T10:31:49,turno sintético 4
C00550,2,agent,2026-08-13T11:49:32,turno sintético 2
C00589,5,customer,2026-08-05T12:45:26,turno sintético 5
C00005,1,customer,2026-09-08T10:05:26,turno sintético 1
C00255,13,customer,2026-09-03T18:01:16,turno sintético 13
C00511,9,customer,2026-09-11T14:59:37,turno sintético 9
C00451,1,customer,2026-08-08T13:55:06,turno sintético 1
C00464,9,customer,2026-09-01T11:01:25,turno sintético 9
C00149,0,agent,2026-09-07T10:14:31,turno sintético 0
C00263,5,customer,2026-09-01T11:52:07,turno sintético 5
C00081,3,customer,2026-08-27T18:00:13,turno sintético 3
C00201,11,customer,2026-08-24T14:30:38,turno sintético 11
C00390,6,agent,2026-08-30T17:44:14,turno sintético 6
C00495,8,agent,2026-08-11T17:01:52,turno sintético 8
C00190,1,customer,2026-09-15T16:19:22,turno sintético 1
C00532,7,customer,2026-08-02T11:30:24,turno sintético 7
C00013,9,customer,2026-08-17T16:49:08,turno sintético 9
C00588,1,customer,2026-08-26T16:18:47,turno sintético 1
C00578,6,agent,2026-08-05T15:37:21,turno sintético 6
C00015,2,agent,2026-08-21T13:28:36,turno sintético 2
C00092,5,customer,2026-09-01T16:22:58,turno sintético 5
C00340,1,customer,2026-08-31T11:58:10,turno sintético 1
C00585,0,agent,2026-08-30T09:27:09,turno sintético 0
C00383,3,customer,2026-08-31T10:56:46,turno sintético 3
C00195,2,agent,2026-09-11T15:10:02,turno sintético 2
C00318,10,agent,2026-08-26T10:49:09,turno sintético 10
C00295,2,agent,2026-08-02T13:11:09,turno sintético 2
C00494,4,agent,2026-08-17T17:50:14,turno sintético 4
C00502,8,agent,2026-08-16T17:58:14,turno sintético 8
C00507,10,agent,2026-08-13T10:32:28,turno sintético 10
C00473,7,customer,2026-08-07T16:20:34,turno sintético 7
C00554,0,agent,2026-09-10T16:22:34,turno sintético 0
C00265,6,agent,2026-09-02T18:38:05,turno sintético 6
C00308,0,agent,2026-09-07T09:28:19,turno sintético 0
C00131,6,agent,2026-08-30T13:08:39,turno sintético 6
C00249,0,agent,2026-08-24T13:26:45,turno sintético 0
C00339,2,agent,2026-08-03T16:52:21,turno sintético 2
C00598,1,customer,2026-08-25T18:39:42,turno sintético 1
C00587,5,customer,2026-08-02T09:16:43,turno sintético 5
C00493,5,customer,2026-09-12T15:20:51,turno sintético 5
C00263,6,agent,2026-09-01T11:52:40,turno sintético 6
C00386,8,agent,2026-08-29T18:07:12,turno sintético 8
C00175,3,customer,2026-09-11T11:20:51,turno sintético 3
C00022,5,customer,2026-08-15T12:50:00,turno sintético 5
C00252,0,agent,2026-09-06T16:48:08,turno sintético 0
C00112,3,customer,2026-08-01T15:02:56,turno sintético 3
C00548,13,customer,2026-09-03T13:45:55,turno sintético 13
C00253,6,agent,2026-09-01T10:32:36,turno sintético 6
C00204,3,customer,2026-09-01T18:40:39,turno sintético 3
C00102,8,agent,2026-08-05T14:41:09,turno sintético 8
C00435,1,customer,2026-08-13T16:49:23,turno sintético 1
C00309,0,agent,2026-08-23T17:48:30,turno sintético 0
C00003,2,agent,2026-08-30T15:14:36,turno sintético 2
C00590,2,agent,2026-09-15T09:13:54,turno sintético 2
C00532,10,agent,2026-08-02T11:31:33,turno sintético 10
C00002,2,agent,2026-08-19T15:10:40,turno sintético 2
C00049,4,agent,2026-09-12T10:24:47,turno sintético 4
C00145,7,customer,2026-09-02T14:37:49,turno sintético 7
C00323,9,customer,2026-08-22T16:13:22,turno sintético 9
C00066,4,agent,2026-09-10T10:44:26,turno sintético 4
C00331,1,customer,2026-08-21T16:59:45,turno sintético 1
C00171,1,customer,2026-08-16T10:15:15,turno sintético 1
C00287,5,customer,2026-08-17T10:43:26,turno sintético 5
C00102,11,customer,2026-08-05T14:42:11,turno sintético 11
C00024,2,agent,2026-08-20T17:40:34,turno sintético 2
C00561,3,customer,2026-08-22T15:25:22,turno sintético 3
C00163,5,customer,2026-09-15T11:36:13,turno sintético 5
C00090,4,agent,2026-09-12T15:51:29,turno sintético 4
C00586,1,customer,2026-09-04T15:40:53,turno sintético 1
C00369,5,customer,2026-08-17T10:11:31,turno sintético 5
C00354,2,agent,2026-08-05T18:31:02,turno sintético 2
C00390,10,agent,2026-08-30T17:46:11,turno sintético 10
C00548,1,customer,2026-09-03T13:41:10,turno sintético 1
C00595,5,customer,2026-08-30T14:20:42,turno sintético 5
C00426,6,agent,2026-08-16T13:16:05,turno sintético 6
C00233,0,agent,2026-09-06T13:01:37,turno sintético 0
C00283,1,customer,2026-09-13T11:02:04,turno sintético 1
C00263,10,agent,2026-09-01T11:53:59,turno sintético 10
C00493,0,agent,2026-09-12T15:19:32,turno sintético 0
C00182,0,agent,2026-09-08T15:37:34,turno sintético 0
C00257,8,agent,2026-09-03T12:29:00,turno sintético 8
C00122,10,agent,2026-09-01T17:54:21,turno sintético 10
C00221,3,customer,2026-08-20T14:31:44,turno sintético 3
C00010,2,agent,2026-08-03T14:39:26,turno sintético 2
C00554,11,customer,2026-09-10T16:27:54,turno sintético 11
C00534,11,customer,2026-09-11T18:37:45,turno sintético 11
C00491,3,customer,2026-09-06T11:01:42,turno sintético 3
C00275,7,customer,2026-08-08T15:29:20,turno sintético 7
C00588,2,agent,2026-08-26T16:19:21,turno sintético 2
C00161,8,agent,2026-08-10T09:20:11,turno sintético 8
C00352,8,agent,2026-08-18T12:54:01,turno sintético 8
C00094,1,customer,2026-08-07T13:09:50,turno sintético 1
C00193,0,agent,2026-08-05T18:07:26,turno sintético 0
C00174,5,customer,2026-08-31T10:20:40,turno sintético 5
C00265,5,customer,2026-09-02T18:37:25,turno sintético 5
C00435,6,agent,2026-08-13T16:51:15,turno sintético 6
C00271,0,agent,2026-08-07T09:25:21,turno sintético 0
C00146,2,agent,2026-08-24T12:47:32,turno sintético 2
C00129,10,agent,2026-08-11T16:33:30,turno sintético 10
C00456,6,agent,2026-08-31T14:57:54,turno sintético 6
C00436,2,agent,2026-08-19T12:14:51,turno sintético 2
C00498,8,agent,2026-08-26T13:24:52,turno sintético 8
C00455,2,agent,2026-08-18T15:12:13,turno sintético 2
C00193,8,agent,2026-08-05T18:09:44,turno sintético 8
C00214,0,agent,2026-08-13T15:50:08,turno sintético 0
C00495,6,agent,2026-08-11T17:00:52,turno sintético 6
C00521,8,agent,2026-08-05T10:30:02,turno sintético 8
C00333,1,customer,2026-09-12T10:08:48,turno sintético 1
C00080,4,agent,2026-09-06T12:30:52,turno sintético 4
C00491,5,customer,2026-09-06T11:02:30,turno sintético 5
C00258,0,agent,2026-08-30T14:03:25,turno sintético 0
C00499,0,agent,2026-08-31T13:34:44,turno sintético 0
C00332,0,agent,2026-09-05T11:37:12,turno sintético 0
C00547,2,agent,2026-09-01T11:54:43,turno sintético 2
C00041,2,agent,2026-08-16T10:29:14,turno sintético 2
C00176,5,customer,2026-08-27T17:34:38,turno sintético 5
C00463,0,agent,2026-08-14T17:46:36,turno sintético 0
C00309,1,customer,2026-08-23T17:48:56,turno sintético 1
C00509,2,agent,2026-09-01T17:46:19,turno sintético 2
C00092,7,customer,2026-09-01T16:24:14,turno sintético 7
C00084,0,agent,2026-08-18T18:59:23,turno sintético 0
C00485,4,agent,2026-08-06T13:03:40,turno sintético 4
C00091,5,customer,2026-08-08T14:54:39,turno sintético 5
C00178,5,customer,2026-09-14T18:50:58,turno sintético 5
C00221,5,customer,2026-08-20T14:32:37,turno sintético 5
C00195,4,agent,2026-09-11T15:10:57,turno sintético 4
C00216,1,customer,2026-08-04T10:29:56,turno sintético 1
C00338,5,customer,2026-09-04T12:40:37,turno sintético 5
C00316,10,agent,2026-08-02T16:07:03,turno sintético 10
C00205,0,agent,2026-08-12T09:36:31,turno sintético 0
C00136,10,agent,2026-09-03T15:34:04,turno sintético 10
C00286,1,customer,2026-09-11T17:44:48,turno sintético 1
C00392,1,customer,2026-09-09T10:30:57,turno sintético 1
C00305,4,agent,2026-08-19T12:21:37,turno sintético 4
C00160,2,agent,2026-09-02T17:30:03,turno sintético 2
C00030,8,agent,2026-09-15T12:43:18,turno sintético 8
C00586,11,customer,2026-09-04T15:44:24,turno sintético 11
C00212,4,agent,2026-08-10T10:49:47,turno sintético 4
C00130,3,customer,2026-09-09T16:10:10,turno sintético 3
C00483,8,agent,2026-08-18T16:33:17,turno sintético 8
C00057,6,agent,2026-08-31T14:58:40,turno sintético 6
C00297,8,agent,2026-08-30T10:14:22,turno sintético 8
C00311,6,agent,2026-08-18T17:25:09,turno sintético 6
C00029,2,agent,2026-08-29T17:37:05,turno sintético 2
C00532,0,agent,2026-08-02T11:26:35,turno sintético 0
C00436,6,agent,2026-08-19T12:16:43,turno sintético 6
C00149,1,customer,2026-09-07T10:14:59,turno sintético 1
C00348,3,customer,2026-08-03T13:22:08,turno sintético 3
C00481,1,customer,2026-09-02T11:03:55,turno sintético 1
C00044,9,customer,2026-08-13T14:26:22,turno sintético 9
C00492,5,customer,2026-08-29T13:16:04,turno sintético 5
C00517,0,agent,2026-08-07T11:51:23,turno sintético 0
C00507,3,customer,2026-08-13T10:29:42,turno sintético 3
C00486,9,customer,2026-09-02T10:11:08,turno sintético 9
C00463,2,agent,2026-08-14T17:47:27,turno sintético 2
C00548,11,customer,2026-09-03T13:45:20,turno sintético 11
C00362,3,customer,2026-09-05T15:30:52,turno sintético 3
C00234,10,agent,2026-09-06T11:34:54,turno sintético 10
C00007,5,customer,2026-08-24T14:17:12,turno sintético 5
C00265,3,customer,2026-09-02T18:36:17,turno sintético 3
C00380,5,customer,2026-08-07T15:34:27,turno sintético 5
C00557,5,customer,2026-08-04T11:12:30,turno sintético 5
C00593,0,agent,2026-08-21T12:07:45,turno sintético 0
C00383,5,customer,2026-08-31T10:57:58,turno sintético 5
C00229,3,customer,2026-08-14T12:15:15,turno sintético 3
C00375,1,customer,2026-08-14T09:37:53,turno sintético 1
C00001,4,agent,2026-09-15T18:20:17,turno sintético 4
C00241,11,customer,2026-08-20T17:43:52,turno sintético 11
C00383,4,agent,2026-08-31T10:57:16,turno sintético 4
C00267,5,customer,2026-08-13T14:49:15,turno sintético 5
C00212,9,customer,2026-08-10T10:51:23,turno sintético 9
C00491,2,agent,2026-09-06T11:01:19,turno sintético 2
C00157,0,agent,2026-08-29T15:19:42,turno sintético 0
C00046,0,agent,2026-08-08T10:06:24,turno sintético 0
C00537,10,agent,2026-08-16T19:04:42,turno sintético 10
C00548,10,agent,2026-09-03T13:44:55,turno sintético 10
C00275,4,agent,2026-08-08T15:27:43,turno sintético 4
C00253,5,customer,2026-09-01T10:32:16,turno sintético 5
C00363,3,customer,2026-08-09T12:29:09,turno sintético 3
C00464,3,customer,2026-09-01T10:59:08,turno sintético 3
C00003,0,agent,2026-08-30T15:13:29,turno sintético 0
C00140,5,customer,2026-09-13T18:18:33,turno sintético 5
C00088,6,agent,2026-09-12T11:08:14,turno sintético 6
C00078,6,agent,2026-08-25T16:47:06,turno sintético 6
C00338,4,agent,2026-09-04T12:40:31,turno sintético 4
C00201,7,customer,2026-08-24T14:28:25,turno sintético 7
C00574,10,agent,2026-08-14T16:33:27,turno sintético 10
C00486,3,customer,2026-09-02T10:08:28,turno sintético 3
C00479,8,agent,2026-08-30T11:34:03,turno sintético 8
C00189,2,agent,2026-08-07T13:13:50,turno sintético 2
C00295,12,agent,2026-08-02T13:15:06,turno sintético 12
C00102,1,customer,2026-08-05T14:38:04,turno sintético 1
C00447,7,customer,2026-08-24T15:38:52,turno sintético 7
C00274,1,customer,2026-09-05T09:55:34,turno sintético 1
C00213,3,customer,2026-09-13T14:07:10,turno sintético 3
C00024,4,agent,2026-08-20T17:41:03,turno sintético 4
C00404,7,customer,2026-09-12T15:42:27,turno sintético 7
C00543,3,customer,2026-09-12T14:30:55,turno sintético 3
C00333,4,agent,2026-09-12T10:10:31,turno sintético 4
C00214,6,agent,2026-08-13T15:52:48,turno sintético 6
C00038,0,agent,2026-09-04T16:18:31,turno sintético 0
C00176,1,customer,2026-08-27T17:32:12,turno sintético 1
C00507,8,agent,2026-08-13T10:31:32,turno sintético 8
C00433,8,agent,2026-09-05T12:32:52,turno sintético 8
C00165,0,agent,2026-08-26T16:50:10,turno sintético 0
C00352,9,customer,2026-08-18T12:54:43,turno sintético 9
C00214,13,customer,2026-08-13T15:55:28,turno sintético 13
C00025,2,agent,2026-08-30T16:32:56,turno sintético 2
C00525,0,agent,2026-08-29T14:05:20,turno sintético 0
C00088,7,customer,2026-09-12T11:08:54,turno sintético 7
C00127,5,customer,2026-08-06T13:18:47,turno sintético 5
C00492,12,agent,2026-08-29T13:19:24,turno sintético 12
C00062,11,customer,2026-08-31T14:57:57,turno sintético 11
C00043,0,agent,2026-08-06T14:01:40,turno sintético 0
C00582,3,customer,2026-08-26T12:00:12,turno sintético 3
C00261,2,agent,2026-08-08T16:02:23,turno sintético 2
C00203,4,agent,2026-09-08T09:57:38,turno sintético 4
C00044,1,customer,2026-08-13T14:23:44,turno sintético 1
C00545,3,customer,2026-08-13T16:36:47,turno sintético 3
C00557,8,agent,2026-08-04T11:13:35,turno sintético 8
C00502,3,customer,2026-08-16T17:56:50,turno sintético 3
C00005,5,customer,2026-09-08T10:07:07,turno sintético 5
C00369,10,agent,2026-08-17T10:14:09,turno sintético 10
C00066,1,customer,2026-09-10T10:42:58,turno sintético 1
C00029,1,customer,2026-08-29T17:36:42,turno sintético 1
C00131,0,agent,2026-08-30T13:06:32,turno sintético 0
C00380,0,agent,2026-08-07T15:32:39,turno sintético 0
C00400,3,customer,2026-08-17T12:18:12,turno sintético 3
C00571,5,customer,2026-08-03T18:21:10,turno sintético 5
C00366,6,agent,2026-09-14T13:57:39,turno sintético 6
C00172,8,agent,2026-08-06T12:14:57,turno sintético 8
C00330,2,agent,2026-08-23T11:18:34,turno sintético 2
C00338,1,customer,2026-09-04T12:39:29,turno sintético 1
C00323,10,agent,2026-08-22T16:13:29,turno sintético 10
C00311,3,customer,2026-08-18T17:23:32,turno sintético 3
C00119,8,agent,2026-09-15T16:19:16,turno sintético 8
C00383,9,customer,2026-08-31T10:59:53,turno sintético 9
C00531,6,agent,2026-09-15T16:50:43,turno sintético 6
C00573,1,customer,2026-08-31T12:59:42,turno sintético 1
C00566,0,agent,2026-08-12T14:29:22,turno sintético 0
C00106,5,customer,2026-08-31T12:20:32,turno sintético 5
C00286,2,agent,2026-09-11T17:45:22,turno sintético 2
C00116,7,customer,2026-08-13T09:45:11,turno sintético 7
C00454,2,agent,2026-09-10T10:19:29,turno sintético 2
C00464,1,customer,2026-09-01T10:58:21,turno sintético 1
C00590,9,customer,2026-09-15T09:16:56,turno sintético 9
C00472,0,agent,2026-08-11T17:38:42,turno sintético 0
C00424,8,agent,2026-09-07T17:19:03,turno sintético 8
C00202,0,agent,2026-08-06T14:17:32,turno sintético 0
C00479,12,agent,2026-08-30T11:35:54,turno sintético 12
C00312,7,customer,2026-08-24T13:28:26,turno sintético 7
C00316,4,agent,2026-08-02T16:03:11,turno sintético 4
C00492,8,agent,2026-08-29T13:17:37,turno sintético 8
C00174,4,agent,2026-08-31T10:20:14,turno sintético 4
C00532,11,customer,2026-08-02T11:32:10,turno sintético 11
C00025,5,customer,2026-08-30T16:33:56,turno sintético 5
C00486,2,agent,2026-09-02T10:08:16,turno sintético 2
C00305,3,customer,2026-08-19T12:20:59,turno sintético 3
C00270,2,agent,2026-09-08T17:45:22,turno sintético 2
C00007,1,customer,2026-08-24T14:15:15,turno sintético 1
C00073,5,customer,2026-08-20T16:33:48,turno sintético 5
C00521,6,agent,2026-08-05T10:29:02,turno sintético 6
C00502,5,customer,2026-08-16T17:57:08,turno sintético 5
C00274,7,customer,2026-09-05T09:57:27,turno sintético 7
C00597,0,agent,2026-09-15T17:00:28,turno sintético 0
C00375,0,agent,2026-08-14T09:37:43,turno sintético 0
C00005,10,agent,2026-09-08T10:10:21,turno sintético 10
C00031,1,customer,2026-08-15T13:39:57,turno sintético 1
C00031,0,agent,2026-08-15T13:39:13,turno sintético 0
C00094,9,customer,2026-08-07T13:12:37,turno sintético 9
C00473,5,customer,2026-08-07T16:20:02,turno sintético 5
C00078,2,agent,2026-08-25T16:45:21,turno sintético 2
C00433,7,customer,2026-09-05T12:32:16,turno sintético 7
C00398,1,customer,2026-08-19T16:39:44,turno sintético 1
C00127,1,customer,2026-08-06T13:17:27,turno sintético 1
C00548,12,agent,2026-09-03T13:45:25,turno sintético 12
C00320,8,agent,2026-09-10T18:40:41,turno sintético 8
C00352,6,agent,2026-08-18T12:53:30,turno sintético 6
C00176,3,customer,2026-08-27T17:33:28,turno sintético 3
C00389,1,customer,2026-09-12T11:08:44,turno sintético 1
C00415,1,customer,2026-08-16T18:55:10,turno sintético 1
C00275,5,customer,2026-08-08T15:27:51,turno sintético 5
C00046,2,agent,2026-08-08T10:06:54,turno sintético 2
C00582,2,agent,2026-08-26T11:59:57,turno sintético 2
C00057,5,customer,2026-08-31T14:58:03,turno sintético 5
C00485,2,agent,2026-08-06T13:02:42,turno sintético 2
C00305,8,agent,2026-08-19T12:22:41,turno sintético 8
C00398,4,agent,2026-08-19T16:40:58,turno sintético 4
C00112,0,agent,2026-08-01T15:01:29,turno sintético 0
C00523,8,agent,2026-08-13T14:11:38,turno sintético 8
C00078,1,customer,2026-08-25T16:44:53,turno sintético 1
C00225,4,agent,2026-09-14T10:11:42,turno sintético 4
C00146,1,customer,2026-08-24T12:47:14,turno sintético 1
C00179,2,agent,2026-08-23T17:08:21,turno sintético 2
C00084,1,customer,2026-08-18T18:59:57,turno sintético 1
C00311,7,customer,2026-08-18T17:25:14,turno sintético 7
C00176,0,agent,2026-08-27T17:31:42,turno sintético 0
C00277,6,agent,2026-08-05T17:39:52,turno sintético 6
C00058,1,customer,2026-08-04T12:12:40,turno sintético 1
C00192,1,customer,2026-08-18T15:17:44,turno sintético 1
C00256,2,agent,2026-08-27T16:34:55,turno sintético 2
C00554,7,customer,2026-09-10T16:25:51,turno sintético 7
C00015,6,agent,2026-08-21T13:30:19,turno sintético 6
C00593,1,customer,2026-08-21T12:07:59,turno sintético 1
C00176,6,agent,2026-08-27T17:34:45,turno sintético 6
C00282,5,customer,2026-08-03T10:32:14,turno sintético 5
C00395,4,agent,2026-09-03T09:35:11,turno sintético 4
C00091,4,agent,2026-08-08T14:54:18,turno sintético 4
C00176,2,agent,2026-08-27T17:32:51,turno sintético 2
C00244,12,agent,2026-09-08T09:13:35,turno sintético 12
C00119,1,customer,2026-09-15T16:17:05,turno sintético 1
C00193,1,customer,2026-08-05T18:07:34,turno sintético 1
C00255,4,agent,2026-09-03T17:57:31,turno sintético 4
C00081,2,agent,2026-08-27T17:59:29,turno sintético 2
C00153,2,agent,2026-08-16T09:46:49,turno sintético 2
C00146,0,agent,2026-08-24T12:46:35,turno sintético 0
C00263,2,agent,2026-09-01T11:50:48,turno sintético 2
C00316,2,agent,2026-08-02T16:02:42,turno sintético 2
C00343,1,customer,2026-09-06T17:36:31,turno sintético 1
C00435,8,agent,2026-08-13T16:52:17,turno sintético 8
C00543,0,agent,2026-09-12T14:29:36,turno sintético 0
C00352,1,customer,2026-08-18T12:50:56,turno sintético 1
C00172,0,agent,2026-08-06T12:11:05,turno sintético 0
C00331,7,customer,2026-08-21T17:02:32,turno sintético 7
C00073,6,agent,2026-08-20T16:34:11,turno sintético 6
C00005,11,customer,2026-09-08T10:10:38,turno sintético 11
C00004,2,agent,2026-08-18T10:08:40,turno sintético 2
C00392,10,agent,2026-09-09T10:34:41,turno sintético 10
C00495,3,customer,2026-08-11T16:59:12,turno sintético 3
C00448,0,agent,2026-08-14T14:10:10,turno sintético 0
C00560,4,agent,2026-08-20T16:10:14,turno sintético 4
C00507,2,agent,2026-08-13T10:29:19,turno sintético 2
C00119,0,agent,2026-09-15T16:16:28,turno sintético 0
C00292,4,agent,2026-08-24T13:01:17,turno sintético 4
C00186,0,agent,2026-09-05T17:37:33,turno sintético 0
C00465,1,customer,2026-08-07T11:53:04,turno sintético 1
C00557,3,customer,2026-08-04T11:11:34,turno sintético 3
C00377,5,customer,2026-09-10T12:36:18,turno sintético 5
C00351,3,customer,2026-08-22T17:22:52,turno sintético 3
C00563,2,agent,2026-08-20T16:48:36,turno sintético 2
C00531,9,customer,2026-09-15T16:51:47,turno sintético 9
C00287,8,agent,2026-08-17T10:44:51,turno sintético 8
C00365,4,agent,2026-08-20T14:32:29,turno sintético 4
C00129,2,agent,2026-08-11T16:30:56,turno sintético 2
C00505,3,customer,2026-08-02T09:07:28,turno sintético 3
C00220,1,customer,2026-08-13T11:14:06,turno sintético 1
C00106,9,customer,2026-08-31T12:21:52,turno sintético 9
C00327,2,agent,2026-08-21T09:15:52,turno sintético 2
C00172,1,customer,2026-08-06T12:11:28,turno sintético 1
C00001,9,customer,2026-09-15T18:22:10,turno sintético 9
C00177,3,customer,2026-09-08T10:27:48,turno sintético 3
C00316,1,customer,2026-08-02T16:01:57,turno sintético 1
C00483,12,agent,2026-08-18T16:35:23,turno sintético 12
C00304,3,customer,2026-08-31T16:26:30,turno sintético 3
C00283,0,agent,2026-09-13T11:01:27,turno sintético 0
C00343,2,agent,2026-09-06T17:37:01,turno sintético 2
C00380,6,agent,2026-08-07T15:35:01,turno sintético 6
C00184,5,customer,2026-08-16T14:15:11,turno sintético 5
C00204,0,agent,2026-09-01T18:40:07,turno sintético 0
C00383,8,agent,2026-08-31T10:59:33,turno sintético 8
C00451,4,agent,2026-08-08T13:56:21,turno sintético 4
C00161,4,agent,2026-08-10T09:18:28,turno sintético 4
C00057,1,customer,2026-08-31T14:56:35,turno sintético 1
C00208,1,customer,2026-08-01T15:17:58,turno sintético 1
C00356,12,agent,2026-09-14T17:13:34,turno sintético 12
C00092,2,agent,2026-09-01T16:21:15,turno sintético 2
C00538,5,customer,2026-08-06T17:34:26,turno sintético 5
C00564,5,customer,2026-08-13T18:11:05,turno sintético 5
C00244,3,customer,2026-09-08T09:09:21,turno sintético 3
C00486,5,customer,2026-09-02T10:09:03,turno sintético 5
C00323,4,agent,2026-08-22T16:11:28,turno sintético 4
C00573,2,agent,2026-08-31T13:00:14,turno sintético 2
C00102,4,agent,2026-08-05T14:39:12,turno sintético 4
C00190,0,agent,2026-09-15T16:18:43,turno sintético 0
C00356,3,customer,2026-09-14T17:09:25,turno sintético 3
C00136,1,customer,2026-09-03T15:29:43,turno sintético 1
C00291,2,agent,2026-09-02T17:43:36,turno sintético 2
C00009,3,customer,2026-08-16T12:51:07,turno sintético 3
C00417,0,agent,2026-08-29T16:01:45,turno sintético 0
C00455,7,customer,2026-08-18T15:15:34,turno sintético 7
C00218,6,agent,2026-08-11T10:44:58,turno sintético 6
C00199,3,customer,2026-08-23T16:20:36,turno sintético 3
C00277,0,agent,2026-08-05T17:37:35,turno sintético 0
C00034,0,agent,2026-08-16T11:09:21,turno sintético 0
C00241,7,customer,2026-08-20T17:41:32,turno sintético 7
C00386,11,customer,2026-08-29T18:08:31,turno sintético 11
C00271,2,agent,2026-08-07T09:25:43,turno sintético 2
C00486,0,agent,2026-09-02T10:07:25,turno sintético 0
C00317,5,customer,2026-08-15T14:22:41,turno sintético 5
C00216,2,agent,2026-08-04T10:30:31,turno sintético 2
C00398,0,agent,2026-08-19T16:39:22,turno sintético 0
C00184,2,agent,2026-08-16T14:14:00,turno sintético 2
C00390,2,agent,2026-08-30T17:42:51,turno sintético 2
C00268,0,agent,2026-08-07T15:36:43,turno sintético 0
C00408,1,customer,2026-08-03T14:47:53,turno sintético 1
C00590,12,agent,2026-09-15T09:18:12,turno sintético 12
C00479,2,agent,2026-08-30T11:31:46,turno sintético 2
C00041,4,agent,2026-08-16T10:30:19,turno sintético 4
C00498,9,customer,2026-08-26T13:25:28,turno sintético 9
C00337,5,customer,2026-08-26T17:39:24,turno sintético 5
C00531,10,agent,2026-09-15T16:52:15,turno sintético 10
C00032,9,customer,2026-09-06T09:30:48,turno sintético 9
C00425,0,agent,2026-08-30T16:08:10,turno sintético 0
C00380,2,agent,2026-08-07T15:33:23,turno sintético 2
C00386,7,customer,2026-08-29T18:07:07,turno sintético 7
C00392,2,agent,2026-09-09T10:31:24,turno sintético 2
C00534,0,agent,2026-09-11T18:32:18,turno sintético 0
C00579,1,customer,2026-08-31T10:11:06,turno sintético 1
C00437,0,agent,2026-08-17T12:52:23,turno sintético 0
C00277,1,customer,2026-08-05T17:38:15,turno sintético 1
C00195,6,agent,2026-09-11T15:11:54,turno sintético 6
C00293,12,agent,2026-08-25T15:31:41,turno sintético 12
C00297,2,agent,2026-08-30T10:12:02,turno sintético 2
C00287,10,agent,2026-08-17T10:45:11,turno sintético 10
C00353,0,agent,2026-08-09T14:16:41,turno sintético 0
C00135,4,agent,2026-08-21T14:28:28,turno sintético 4
C00174,2,agent,2026-08-31T10:19:01,turno sintético 2
C00550,4,agent,2026-08-13T11:50:03,turno sintético 4
C00241,3,customer,2026-08-20T17:40:09,turno sintético 3
C00078,10,agent,2026-08-25T16:48:23,turno sintético 10
C00261,0,agent,2026-08-08T16:01:19,turno sintético 0
C00244,6,agent,2026-09-08T09:11:27,turno sintético 6
C00088,0,agent,2026-09-12T11:05:40,turno sintético 0
C00171,4,agent,2026-08-16T10:16:40,turno sintético 4
C00192,0,agent,2026-08-18T15:17:10,turno sintético 0
C00586,4,agent,2026-09-04T15:42:17,turno sintético 4
C00087,4,agent,2026-08-21T13:23:11,turno sintético 4
C00386,10,agent,2026-08-29T18:08:19,turno sintético 10
C00044,6,agent,2026-08-13T14:25:27,turno sintético 6
C00153,3,customer,2026-08-16T09:47:14,turno sintético 3
C00321,0,agent,2026-08-01T18:21:45,turno sintético 0
C00229,6,agent,2026-08-14T12:17:06,turno sintético 6
C00191,5,customer,2026-09-02T10:40:33,turno sintético 5
C00507,7,customer,2026-08-13T10:31:27,turno sintético 7
C00344,8,agent,2026-09-11T18:48:48,turno sintético 8
C00438,0,agent,2026-08-11T18:08:13,turno sintético 0
C00161,6,agent,2026-08-10T09:18:56,turno sintético 6
C00184,0,agent,2026-08-16T14:12:36,turno sintético 0
C00554,4,agent,2026-09-10T16:24:45,turno sintético 4
C00202,4,agent,2026-08-06T14:18:30,turno sintético 4
C00535,11,customer,2026-08-12T16:08:04,turno sintético 11
C00217,2,agent,2026-08-21T15:38:21,turno sintético 2
C00300,6,agent,2026-09-03T09:10:47,turno sintético 6
C00444,0,agent,2026-09-08T12:19:06,turno sintético 0
C00535,3,customer,2026-08-12T16:05:24,turno sintético 3
C00342,0,agent,2026-08-10T14:34:30,turno sintético 0
C00218,4,agent,2026-08-11T10:44:10,turno sintético 4
C00144,5,customer,2026-08-19T09:39:57,turno sintético 5
C00562,0,agent,2026-08-03T09:30:06,turno sintético 0
C00511,5,customer,2026-09-11T14:57:48,turno sintético 5
C00004,4,agent,2026-08-18T10:09:12,turno sintético 4
C00168,2,agent,2026-08-31T13:38:06,turno sintético 2
C00339,3,customer,2026-08-03T16:53:02,turno sintético 3
C00170,0,agent,2026-08-15T15:04:29,turno sintético 0
C00004,0,agent,2026-08-18T10:07:42,turno sintético 0
C00398,8,agent,2026-08-19T16:43:04,turno sintético 8
C00256,0,agent,2026-08-27T16:34:13,turno sintético 0
C00293,10,agent,2026-08-25T15:30:46,turno sintético 10
C00589,2,agent,2026-08-05T12:44:45,turno sintético 2
C00091,1,customer,2026-08-08T14:53:23,turno sintético 1
C00449,0,agent,2026-08-27T11:59:23,turno sintético 0
C00102,0,agent,2026-08-05T14:37:24,turno sintético 0
C00160,1,customer,2026-09-02T17:29:56,turno sintético 1
C00102,13,customer,2026-08-05T14:42:51,turno sintético 13
C00534,6,agent,2026-09-11T18:35:25,turno sintético 6
C00263,4,agent,2026-09-01T11:51:31,turno sintético 4
C00543,4,agent,2026-09-12T14:31:04,turno sintético 4
C00322,9,customer,2026-08-09T13:58:46,turno sintético 9
C00241,10,agent,2026-08-20T17:43:19,turno sintético 10
C00507,9,customer,2026-08-13T10:31:43,turno sintético 9
C00545,1,customer,2026-08-13T16:36:09,turno sintético 1
C00090,8,agent,2026-09-12T15:53:06,turno sintético 8
C00413,1,customer,2026-09-13T18:49:42,turno sintético 1
C00316,11,customer,2026-08-02T16:07:33,turno sintético 11
C00103,4,agent,2026-09-01T12:18:13,turno sintético 4
C00012,0,agent,2026-08-07T13:14:05,turno sintético 0
C00032,5,customer,2026-09-06T09:29:28,turno sintético 5
C00256,3,customer,2026-08-27T16:35:32,turno sintético 3
C00404,3,customer,2026-09-12T15:40:28,turno sintético 3
C00277,11,customer,2026-08-05T17:42:12,turno sintético 11
C00201,4,agent,2026-08-24T14:26:52,turno sintético 4
C00472,3,customer,2026-08-11T17:39:30,turno sintético 3
C00057,4,agent,2026-08-31T14:57:33,turno sintético 4
C00456,3,customer,2026-08-31T14:57:10,turno sintético 3
C00345,3,customer,2026-08-13T15:23:07,turno sintético 3
C00392,13,customer,2026-09-09T10:36:09,turno sintético 13
C00201,6,agent,2026-08-24T14:27:55,turno sintético 6
C00419,6,agent,2026-08-30T12:36:12,turno sintético 6
C00001,1,customer,2026-09-15T18:18:40,turno sintético 1
C00310,8,agent,2026-08-31T14:23:58,turno sintético 8
C00229,1,customer,2026-08-14T12:14:33,turno sintético 1
C00590,8,agent,2026-09-15T09:16:31,turno sintético 8
C00497,4,agent,2026-08-19T11:06:36,turno sintético 4
C00292,6,agent,2026-08-24T13:02:38,turno sintético 6
C00404,4,agent,2026-09-12T15:40:40,turno sintético 4
C00331,11,customer,2026-08-21T17:04:06,turno sintético 11
C00110,3,customer,2026-09-15T17:02:33,turno sintético 3
C00472,4,agent,2026-08-11T17:39:57,turno sintético 4
C00426,2,agent,2026-08-16T13:14:19,turno sintético 2
C00136,12,agent,2026-09-03T15:34:54,turno sintético 12
C00384,4,agent,2026-08-25T10:09:05,turno sintético 4
C00141,0,agent,2026-09-12T18:03:40,turno sintético 0
C00007,3,customer,2026-08-24T14:15:51,turno sintético 3
C00276,0,agent,2026-09-01T18:46:19,turno sintético 0
C00284,3,customer,2026-09-08T10:29:11,turno sintético 3
C00502,10,agent,2026-08-16T17:58:51,turno sintético 10
C00571,6,agent,2026-08-03T18:21:40,turno sintético 6
C00435,0,agent,2026-08-13T16:48:38,turno sintético 0
C00004,11,customer,2026-08-18T10:11:54,turno sintético 11
C00323,6,agent,2026-08-22T16:12:00,turno sintético 6
C00305,6,agent,2026-08-19T12:21:51,turno sintético 6
C00364,6,agent,2026-08-16T18:22:28,turno sintético 6
C00147,2,agent,2026-09-03T15:11:28,turno sintético 2
C00397,2,agent,2026-08-31T14:09:13,turno sintético 2
C00400,11,customer,2026-08-17T12:21:54,turno sintético 11
C00561,0,agent,2026-08-22T15:24:12,turno sintético 0
C00495,7,customer,2026-08-11T17:01:34,turno sintético 7
C00177,6,agent,2026-09-08T10:29:22,turno sintético 6
C00149,4,agent,2026-09-07T10:16:30,turno sintético 4
C00259,9,customer,2026-08-09T11:57:33,turno sintético 9
C00295,5,customer,2026-08-02T13:11:48,turno sintético 5
C00511,3,customer,2026-09-11T14:56:56,turno sintético 3
C00090,2,agent,2026-09-12T15:50:37,turno sintético 2
C00043,1,customer,2026-08-06T14:02:06,turno sintético 1
C00554,3,customer,2026-09-10T16:24:34,turno sintético 3
C00227,2,agent,2026-08-19T09:21:16,turno sintético 2
C00191,9,customer,2026-09-02T10:42:10,turno sintético 9
C00351,5,customer,2026-08-22T17:23:42,turno sintético 5
C00377,6,agent,2026-09-10T12:36:55,turno sintético 6
C00261,3,customer,2026-08-08T16:03:01,turno sintético 3
C00078,11,customer,2026-08-25T16:48:35,turno sintético 11
C00483,6,agent,2026-08-18T16:32:16,turno sintético 6
C00585,13,customer,2026-08-30T09:31:48,turno sintético 13
C00062,4,agent,2026-08-31T14:54:39,turno sintético 4
C00521,2,agent,2026-08-05T10:27:41,turno sintético 2
C00497,12,agent,2026-08-19T11:09:30,turno sintético 12
C00534,7,customer,2026-09-11T18:35:50,turno sintético 7
C00219,1,customer,2026-09-06T18:38:02,turno sintético 1
C00481,2,agent,2026-09-02T11:04:20,turno sintético 2
C00354,1,customer,2026-08-05T18:30:31,turno sintético 1
C00013,7,customer,2026-08-17T16:48:16,turno sintético 7
C00190,5,customer,2026-09-15T16:20:48,turno sintético 5
C00493,6,agent,2026-09-12T15:21:04,turno sintético 6
C00447,3,customer,2026-08-24T15:36:43,turno sintético 3
C00394,7,customer,2026-08-09T17:40:10,turno sintético 7
C00359,7,customer,2026-09-03T09:53:22,turno sintético 7
C00571,2,agent,2026-08-03T18:19:50,turno sintético 2
C00057,2,agent,2026-08-31T14:56:56,turno sintético 2
C00585,4,agent,2026-08-30T09:28:52,turno sintético 4
C00018,9,customer,2026-09-10T13:31:10,turno sintético 9
C00506,3,customer,2026-08-20T10:30:27,turno sintético 3
C00191,7,customer,2026-09-02T10:41:15,turno sintético 7
C00136,4,agent,2026-09-03T15:30:52,turno sintético 4
C00492,4,agent,2026-08-29T13:15:37,turno sintético 4
C00535,6,agent,2026-08-12T16:06:41,turno sintético 6
C00025,0,agent,2026-08-30T16:32:26,turno sintético 0
C00380,8,agent,2026-08-07T15:35:46,turno sintético 8
C00502,11,customer,2026-08-16T17:59:01,turno sintético 11
C00111,2,agent,2026-08-16T14:09:30,turno sintético 2
C00398,2,agent,2026-08-19T16:39:55,turno sintético 2
C00191,3,customer,2026-09-02T10:39:33,turno sintético 3
C00405,0,agent,2026-08-26T09:56:26,turno sintético 0
C00295,7,customer,2026-08-02T13:12:39,turno sintético 7
C00277,2,agent,2026-08-05T17:38:20,turno sintético 2
C00058,2,agent,2026-08-04T12:13:20,turno sintético 2
C00287,6,agent,2026-08-17T10:43:54,turno sintético 6
C00335,0,agent,2026-09-03T13:14:45,turno sintético 0
C00595,3,customer,2026-08-30T14:19:57,turno sintético 3
C00362,5,customer,2026-09-05T15:32:00,turno sintético 5
C00333,0,agent,2026-09-12T10:08:07,turno sintético 0
C00103,0,agent,2026-09-01T12:16:07,turno sintético 0
C00534,3,customer,2026-09-11T18:33:53,turno sintético 3
C00081,4,agent,2026-08-27T18:00:20,turno sintético 4
C00103,3,customer,2026-09-01T12:17:30,turno sintético 3
C00389,2,agent,2026-09-12T11:09:18,turno sintético 2
C00483,9,customer,2026-08-18T16:33:46,turno sintético 9
C00390,1,customer,2026-08-30T17:42:10,turno sintético 1
C00300,3,customer,2026-09-03T09:09:13,turno sintético 3
C00473,1,customer,2026-08-07T16:18:36,turno sintético 1
C00386,6,agent,2026-08-29T18:06:59,turno sintético 6
C00323,3,customer,2026-08-22T16:11:23,turno sintético 3
C00200,1,customer,2026-08-13T15:42:21,turno sintético 1
C00066,5,customer,2026-09-10T10:44:41,turno sintético 5
C00334,4,agent,2026-08-17T09:51:40,turno sintético 4
C00145,12,agent,2026-09-02T14:39:59,turno sintético 12
C00318,1,customer,2026-08-26T10:45:43,turno sintético 1
C00256,9,customer,2026-08-27T16:37:50,turno sintético 9
C00102,2,agent,2026-08-05T14:38:33,turno sintético 2
C00144,10,agent,2026-08-19T09:42:00,turno sintético 10
C00589,7,customer,2026-08-05T12:46:51,turno sintético 7
C00214,3,customer,2026-08-13T15:51:36,turno sintético 3
C00044,7,customer,2026-08-13T14:25:34,turno sintético 7
C00029,6,agent,2026-08-29T17:38:38,turno sintético 6
C00229,11,customer,2026-08-14T12:18:33,turno sintético 11
C00377,0,agent,2026-09-10T12:34:15,turno sintético 0
C00435,4,agent,2026-08-13T16:50:23,turno sintético 4
C00344,4,agent,2026-09-11T18:46:58,turno sintético 4
C00080,6,agent,2026-09-06T12:31:39,turno sintético 6
C00317,0,agent,2026-08-15T14:21:31,turno sintético 0
C00465,0,agent,2026-08-07T11:52:22,turno sintético 0
C00447,0,agent,2026-08-24T15:35:33,turno sintético 0
C00312,6,agent,2026-08-24T13:28:10,turno sintético 6
C00365,8,agent,2026-08-20T14:34:14,turno sintético 8
C00557,9,customer,2026-08-04T11:14:15,turno sintético 9
C00341,3,customer,2026-08-23T16:25:17,turno sintético 3
C00334,11,customer,2026-08-17T09:54:05,turno sintético 11
C00491,7,customer,2026-09-06T11:03:17,turno sintético 7
C00511,2,agent,2026-09-11T14:56:43,turno sintético 2
C00025,6,agent,2026-08-30T16:34:10,turno sintético 6
C00407,3,customer,2026-08-13T11:25:18,turno sintético 3
C00121,2,agent,2026-08-29T10:18:38,turno sintético 2
C00133,2,agent,2026-09-09T11:02:37,turno sintético 2
C00366,3,customer,2026-09-14T13:56:13,turno sintético 3
C00537,11,customer,2026-08-16T19:05:23,turno sintético 11
C00394,6,agent,2026-08-09T17:39:50,turno sintético 6
C00486,8,agent,2026-09-02T10:10:37,turno sintético 8
C00386,0,agent,2026-08-29T18:04:37,turno sintético 0
C00163,6,agent,2026-09-15T11:36:19,turno sintético 6
C00064,0,agent,2026-09-09T15:47:45,turno sintético 0
C00088,3,customer,2026-09-12T11:06:42,turno sintético 3
C00519,4,agent,2026-08-08T12:28:25,turno sintético 4
C00311,4,agent,2026-08-18T17:24:10,turno sintético 4
C00597,6,agent,2026-09-15T17:03:19,turno sintético 6
C00062,0,agent,2026-08-31T14:53:29,turno sintético 0
C00147,5,customer,2026-09-03T15:12:46,turno sintético 5
C00259,3,customer,2026-08-09T11:55:33,turno sintético 3
C00156,0,agent,2026-09-04T17:04:38,turno sintético 0
C00274,4,agent,2026-09-05T09:56:46,turno sintético 4
C00380,9,customer,2026-08-07T15:36:10,turno sintético 9
C00090,9,customer,2026-09-12T15:53:42,turno sintético 9
C00426,0,agent,2026-08-16T13:13:35,turno sintético 0
C00497,8,agent,2026-08-19T11:07:50,turno sintético 8
C00270,4,agent,2026-09-08T17:46:29,turno sintético 4
C00543,7,customer,2026-09-12T14:32:22,turno sintético 7
C00007,6,agent,2026-08-24T14:17:44,turno sintético 6
C00476,6,agent,2026-09-12T14:50:07,turno sintético 6
C00425,3,customer,2026-08-30T16:09:55,turno sintético 3
C00588,4,agent,2026-08-26T16:19:49,turno sintético 4
C00555,0,agent,2026-09-15T10:09:37,turno sintético 0
C00187,5,customer,2026-08-06T18:41:27,turno sintético 5
C00211,3,customer,2026-09-06T10:04:23,turno sintético 3
C00323,0,agent,2026-08-22T16:10:16,turno sintético 0
C00026,0,agent,2026-08-16T17:06:45,turno sintético 0
C00574,6,agent,2026-08-14T16:32:27,turno sintético 6
C00310,4,agent,2026-08-31T14:22:23,turno sintético 4
C00256,10,agent,2026-08-27T16:38:07,turno sintético 10
C00293,7,customer,2026-08-25T15:29:47,turno sintético 7
C00127,6,agent,2026-08-06T13:18:57,turno sintético 6
C00372,1,customer,2026-09-06T15:38:56,turno sintético 1
C00295,3,customer,2026-08-02T13:11:15,turno sintético 3
C00456,0,agent,2026-08-31T14:56:13,turno sintético 0
C00450,1,customer,2026-09-07T14:11:35,turno sintético 1
C00426,11,customer,2026-08-16T13:17:39,turno sintético 11
C00147,3,customer,2026-09-03T15:12:05,turno sintético 3
C00133,3,customer,2026-09-09T11:03:07,turno sintético 3
C00193,4,agent,2026-08-05T18:08:37,turno sintético 4
C00203,12,agent,2026-09-08T10:01:31,turno sintético 12
C00090,6,agent,2026-09-12T15:52:01,turno sintético 6
C00076,0,agent,2026-08-21T12:46:12,turno sintético 0
C00386,9,customer,2026-08-29T18:07:52,turno sintético 9
C00141,4,agent,2026-09-12T18:05:36,turno sintético 4
C00147,4,agent,2026-09-03T15:12:38,turno sintético 4
C00256,7,customer,2026-08-27T16:37:03,turno sintético 7
C00024,7,customer,2026-08-20T17:42:16,turno sintético 7
C00493,3,customer,2026-09-12T15:20:19,turno sintético 3
C00320,13,customer,2026-09-10T18:42:40,turno sintético 13
C00013,11,customer,2026-08-17T16:49:37,turno sintético 11
C00509,1,customer,2026-09-01T17:45:38,turno sintético 1
C00427,0,agent,2026-08-02T17:11:42,turno sintético 0
C00094,5,customer,2026-08-07T13:11:38,turno sintético 5
C00433,4,agent,2026-09-05T12:30:48,turno sintético 4
C00585,3,customer,2026-08-30T09:28:19,turno sintético 3
C00288,4,agent,2026-08-18T15:09:41,turno sintético 4
C00092,0,agent,2026-09-01T16:20:09,turno sintético 0
C00126,3,customer,2026-08-12T11:13:26,turno sintético 3
C00305,11,customer,2026-08-19T12:24:26,turno sintético 11
C00327,1,customer,2026-08-21T09:15:42,turno sintético 1
C00477,11,customer,2026-08-07T14:50:08,turno sintético 11
C00175,12,agent,2026-09-11T11:24:56,turno sintético 12
C00590,1,customer,2026-09-15T09:13:47,turno sintético 1
C00333,5,customer,2026-09-12T10:11:15,turno sintético 5
C00253,0,agent,2026-09-01T10:30:25,turno sintético 0
C00306,1,customer,2026-08-15T12:20:08,turno sintético 1
C00004,5,customer,2026-08-18T10:09:49,turno sintético 5
C00270,1,customer,2026-09-08T17:45:10,turno sintético 1
C00090,5,customer,2026-09-12T15:51:39,turno sintético 5
C00275,0,agent,2026-08-08T15:26:14,turno sintético 0
C00032,2,agent,2026-09-06T09:28:22,turno sintético 2
C00030,7,customer,2026-09-15T12:42:39,turno sintético 7
C00403,1,customer,2026-08-05T10:12:59,turno sintético 1
C00030,3,customer,2026-09-15T12:40:36,turno sintético 3
C00532,5,customer,2026-08-02T11:29:20,turno sintético 5
C00579,4,agent,2026-08-31T10:12:34,turno sintético 4
C00212,2,agent,2026-08-10T10:49:22,turno sintético 2
C00022,2,agent,2026-08-15T12:49:11,turno sintético 2
C00179,3,customer,2026-08-23T17:09:01,turno sintético 3
C00172,2,agent,2026-08-06T12:11:59,turno sintético 2
C00270,3,customer,2026-09-08T17:45:49,turno sintético 3
C00487,0,agent,2026-08-17T11:57:10,turno sintético 0
C00485,3,customer,2026-08-06T13:03:08,turno sintético 3
C00059,2,agent,2026-08-29T17:17:22,turno sintético 2
C00102,7,customer,2026-08-05T14:40:32,turno sintético 7
C00476,0,agent,2026-09-12T14:47:21,turno sintético 0
C00147,10,agent,2026-09-03T15:15:15,turno sintético 10
C00534,2,agent,2026-09-11T18:33:20,turno sintético 2
C00211,5,customer,2026-09-06T10:04:53,turno sintético 5
C00016,6,agent,2026-08-16T15:21:06,turno sintético 6
C00292,0,agent,2026-08-24T12:59:11,turno sintético 0
C00311,1,customer,2026-08-18T17:22:46,turno sintético 1
C00075,1,customer,2026-08-26T09:14:39,turno sintético 1
C00098,6,agent,2026-08-29T09:41:21,turno sintético 6
C00103,1,customer,2026-09-01T12:16:33,turno sintético 1
C00238,7,customer,2026-08-31T09:40:57,turno sintético 7
C00175,11,customer,2026-09-11T11:24:23,turno sintético 11
C00355,3,customer,2026-08-29T13:42:27,turno sintético 3
C00316,5,customer,2026-08-02T16:03:56,turno sintético 5
C00043,4,agent,2026-08-06T14:03:29,turno sintético 4
C00149,6,agent,2026-09-07T10:17:09,turno sintético 6
C00320,6,agent,2026-09-10T18:40:00,turno sintético 6
C00338,8,agent,2026-09-04T12:42:16,turno sintético 8
C00274,2,agent,2026-09-05T09:55:57,turno sintético 2
C00398,7,customer,2026-08-19T16:42:22,turno sintético 7
C00392,0,agent,2026-09-09T10:30:26,turno sintético 0
C00073,8,agent,2026-08-20T16:34:49,turno sintético 8
C00169,4,agent,2026-08-11T18:39:45,turno sintético 4
C00327,7,customer,2026-08-21T09:17:57,turno sintético 7
C00195,7,customer,2026-09-11T15:12:27,turno sintético 7
C00044,3,customer,2026-08-13T14:24:13,turno sintético 3
C00334,9,customer,2026-08-17T09:53:07,turno sintético 9
C00191,0,agent,2026-09-02T10:37:41,turno sintético 0
C00122,4,agent,2026-09-01T17:51:51,turno sintético 4
C00534,5,customer,2026-09-11T18:34:42,turno sintético 5
C00455,6,agent,2026-08-18T15:14:54,turno sintético 6
C00090,0,agent,2026-09-12T15:50:08,turno sintético 0
C00241,5,customer,2026-08-20T17:41:06,turno sintético 5
C00145,6,agent,2026-09-02T14:37:15,turno sintético 6
C00486,11,customer,2026-09-02T10:12:06,turno sintético 11
C00202,2,agent,2026-08-06T14:18:00,turno sintético 2
C00267,1,customer,2026-08-13T14:46:46,turno sintético 1
C00590,10,agent,2026-09-15T09:17:03,turno sintético 10
C00225,1,customer,2026-09-14T10:10:07,turno sintético 1
C00483,5,customer,2026-08-18T16:31:56,turno sintético 5
C00380,7,customer,2026-08-07T15:35:12,turno sintético 7
C00355,1,customer,2026-08-29T13:41:25,turno sintético 1
C00331,12,agent,2026-08-21T17:04:44,turno sintético 12
C00005,2,agent,2026-09-08T10:06:03,turno sintético 2
C00596,0,agent,2026-08-11T17:02:16,turno sintético 0
C00433,3,customer,2026-09-05T12:30:39,turno sintético 3
C00159,1,customer,2026-08-26T13:05:51,turno sintético 1
C00022,1,customer,2026-08-15T12:49:05,turno sintético 1
C00048,0,agent,2026-08-28T14:12:45,turno sintético 0
C00145,2,agent,2026-09-02T14:36:07,turno sintético 2
C00106,6,agent,2026-08-31T12:20:42,turno sintético 6
C00519,3,customer,2026-08-08T12:27:47,turno sintético 3
C00005,12,agent,2026-09-08T10:10:52,turno sintético 12
C00369,2,agent,2026-08-17T10:10:36,turno sintético 2
C00293,0,agent,2026-08-25T15:27:33,turno sintético 0
C00343,7,customer,2026-09-06T17:39:11,turno sintético 7
C00392,7,customer,2026-09-09T10:33:15,turno sintético 7
C00263,0,agent,2026-09-01T11:49:34,turno sintético 0
C00460,6,agent,2026-08-02T10:34:20,turno sintético 6
C00133,0,agent,2026-09-09T11:01:17,turno sintético 0
C00392,6,agent,2026-09-09T10:32:32,turno sintético 6
C00168,4,agent,2026-08-31T13:38:50,turno sintético 4
C00140,7,customer,2026-09-13T18:19:28,turno sintético 7
C00345,4,agent,2026-08-13T15:23:40,turno sintético 4
C00005,9,customer,2026-09-08T10:09:38,turno sintético 9
C00073,7,customer,2026-08-20T16:34:37,turno sintético 7
C00214,4,agent,2026-08-13T15:52:06,turno sintético 4
C00078,0,agent,2026-08-25T16:44:33,turno sintético 0
C00134,0,agent,2026-08-03T11:20:43,turno sintético 0
C00312,0,agent,2026-08-24T13:25:18,turno sintético 0
C00136,9,customer,2026-09-03T15:33:39,turno sintético 9
C00018,4,agent,2026-09-10T13:29:30,turno sintético 4
C00145,11,customer,2026-09-02T14:39:35,turno sintético 11
C00398,5,customer,2026-08-19T16:41:28,turno sintético 5
C00067,1,customer,2026-09-09T13:06:55,turno sintético 1
C00102,5,customer,2026-08-05T14:39:50,turno sintético 5
C00043,2,agent,2026-08-06T14:02:33,turno sintético 2
C00570,3,customer,2026-08-29T13:00:02,turno sintético 3
C00355,5,customer,2026-08-29T13:43:05,turno sintético 5
C00015,8,agent,2026-08-21T13:30:53,turno sintético 8
C00318,8,agent,2026-08-26T10:48:48,turno sintético 8
C00135,7,customer,2026-08-21T14:30:07,turno sintético 7
C00561,4,agent,2026-08-22T15:25:39,turno sintético 4
C00131,1,customer,2026-08-30T13:06:45,turno sintético 1
C00523,5,customer,2026-08-13T14:10:33,turno sintético 5
C00514,5,customer,2026-08-04T09:20:50,turno sintético 5
C00190,2,agent,2026-09-15T16:19:37,turno sintético 2
C00213,0,agent,2026-09-13T14:06:34,turno sintético 0
C00595,0,agent,2026-08-30T14:18:33,turno sintético 0
C00480,5,customer,2026-08-09T09:31:12,turno sintético 5
C00135,11,customer,2026-08-21T14:31:57,turno sintético 11
C00384,11,customer,2026-08-25T10:12:14,turno sintético 11
C00540,1,customer,2026-08-23T12:37:50,turno sintético 1
C00529,1,customer,2026-08-28T11:14:12,turno sintético 1
C00310,7,customer,2026-08-31T14:23:51,turno sintético 7
C00300,4,agent,2026-09-03T09:09:41,turno sintético 4
C00046,4,agent,2026-08-08T10:07:46,turno sintético 4
C00514,6,agent,2026-08-04T09:21:11,turno sintético 6
C00543,1,customer,2026-09-12T14:30:06,turno sintético 1
C00587,0,agent,2026-08-02T09:14:11,turno sintético 0
C00486,4,agent,2026-09-02T10:08:43,turno sintético 4
C00311,0,agent,2026-08-18T17:22:30,turno sintético 0
C00010,3,customer,2026-08-03T14:39:43,turno sintético 3
C00179,9,customer,2026-08-23T17:11:57,turno sintético 9
C00001,5,customer,2026-09-15T18:20:38,turno sintético 5
C00310,10,agent,2026-08-31T14:25:01,turno sintético 10
C00208,3,customer,2026-08-01T15:19:10,turno sintético 3
C00568,6,agent,2026-08-26T12:46:30,turno sintético 6
C00538,2,agent,2026-08-06T17:32:45,turno sintético 2
C00460,4,agent,2026-08-02T10:33:45,turno sintético 4
C00352,7,customer,2026-08-18T12:53:48,turno sintético 7
C00531,7,customer,2026-09-15T16:50:55,turno sintético 7
C00519,1,customer,2026-08-08T12:27:13,turno sintético 1
C00203,6,agent,2026-09-08T09:58:25,turno sintético 6
C00471,7,customer,2026-08-25T16:44:17,turno sintético 7
C00465,3,customer,2026-08-07T11:54:08,turno sintético 3
C00419,0,agent,2026-08-30T12:33:28,turno sintético 0
C00468,0,agent,2026-08-05T17:30:25,turno sintético 0
C00472,7,customer,2026-08-11T17:41:30,turno sintético 7
C00425,2,agent,2026-08-30T16:09:19,turno sintético 2
C00479,11,customer,2026-08-30T11:35:47,turno sintético 11
C00351,0,agent,2026-08-22T17:21:37,turno sintético 0
C00321,3,customer,2026-08-01T18:23:27,turno sintético 3
C00214,8,agent,2026-08-13T15:53:49,turno sintético 8
C00131,3,customer,2026-08-30T13:07:34,turno sintético 3
C00291,0,agent,2026-09-02T17:42:41,turno sintético 0
C00344,7,customer,2026-09-11T18:48:04,turno sintético 7
C00400,10,agent,2026-08-17T12:21:33,turno sintético 10
C00355,2,agent,2026-08-29T13:41:44,turno sintético 2
C00424,0,agent,2026-09-07T17:16:27,turno sintético 0
C00277,10,agent,2026-08-05T17:41:47,turno sintético 10
C00304,6,agent,2026-08-31T16:28:24,turno sintético 6
C00322,1,customer,2026-08-09T13:56:27,turno sintético 1
C00578,3,customer,2026-08-05T15:36:41,turno sintético 3
C00123,2,agent,2026-09-02T12:50:27,turno sintético 2
C00284,0,agent,2026-09-08T10:28:14,turno sintético 0
C00088,8,agent,2026-09-12T11:09:38,turno sintético 8
C00136,0,agent,2026-09-03T15:29:35,turno sintético 0
C00247,1,customer,2026-08-27T15:55:24,turno sintético 1
C00356,9,customer,2026-09-14T17:12:08,turno sintético 9
C00498,1,customer,2026-08-26T13:21:56,turno sintético 1
C00110,1,customer,2026-09-15T17:01:23,turno sintético 1
C00059,10,agent,2026-08-29T17:21:20,turno sintético 10
C00399,2,agent,2026-08-22T12:05:22,turno sintético 2
C00370,1,customer,2026-09-03T14:06:59,turno sintético 1
C00327,0,agent,2026-08-21T09:15:14,turno sintético 0
C00136,13,customer,2026-09-03T15:35:33,turno sintético 13
C00280,0,agent,2026-08-11T18:10:32,turno sintético 0
C00136,8,agent,2026-09-03T15:33:10,turno sintético 8
C00140,2,agent,2026-09-13T18:17:18,turno sintético 2
C00001,2,agent,2026-09-15T18:19:07,turno sintético 2
C00514,1,customer,2026-08-04T09:19:03,turno sintético 1
C00234,0,agent,2026-09-06T11:30:43,turno sintético 0
C00543,6,agent,2026-09-12T14:31:49,turno sintético 6
C00426,1,customer,2026-08-16T13:13:46,turno sintético 1
C00241,2,agent,2026-08-20T17:39:39,turno sintético 2
C00098,4,agent,2026-08-29T09:40:03,turno sintético 4
C00300,0,agent,2026-09-03T09:07:21,turno sintético 0
C00255,8,agent,2026-09-03T18:00:00,turno sintético 8
C00263,9,customer,2026-09-01T11:53:53,turno sintético 9
C00140,9,customer,2026-09-13T18:20:30,turno sintético 9
C00356,0,agent,2026-09-14T17:08:31,turno sintético 0
C00586,10,agent,2026-09-04T15:44:04,turno sintético 10
C00291,6,agent,2026-09-02T17:45:04,turno sintético 6
C00464,5,customer,2026-09-01T11:00:11,turno sintético 5
C00359,1,customer,2026-09-03T09:50:43,turno sintético 1
C00163,2,agent,2026-09-15T11:34:49,turno sintético 2
C00141,2,agent,2026-09-12T18:04:26,turno sintético 2
C00029,9,customer,2026-08-29T17:39:40,turno sintético 9
C00081,0,agent,2026-08-27T17:58:33,turno sintético 0
C00571,3,customer,2026-08-03T18:20:13,turno sintético 3
C00116,1,customer,2026-08-13T09:42:34,turno sintético 1
C00291,1,,2026-09-02T17:43:22,turno sintético 1
C00073,4,agent,2026-08-20T16:33:13,turno sintético 4
C00307,2,agent,2026-08-05T17:36:45,turno sintético 2
C00252,4,agent,2026-09-06T16:49:26,turno sintético 4
C00094,8,agent,2026-08-07T13:12:23,turno sintético 8
C00201,3,customer,2026-08-24T14:26:15,turno sintético 3
C00106,2,agent,2026-08-31T12:19:19,turno sintético 2
C00154,3,customer,2026-08-15T16:04:51,turno sintético 3
C00417,3,customer,2026-08-29T16:03:07,turno sintético 3
C00106,11,customer,2026-08-31T12:22:43,turno sintético 11
C00321,9,customer,2026-08-01T18:26:01,turno sintético 9
C00201,9,customer,2026-08-24T14:29:20,turno sintético 9
C00255,7,customer,2026-09-03T17:59:16,turno sintético 7
C00305,1,customer,2026-08-19T12:20:00,turno sintético 1
C00136,11,customer,2026-09-03T15:34:20,turno sintético 11
C00322,2,agent,2026-08-09T13:56:50,turno sintético 2
C00582,1,,2026-08-26T11:59:37,turno sintético 1
C00201,12,agent,2026-08-24T14:31:22,turno sintético 12
C00014,0,agent,2026-09-06T13:12:42,turno sintético 0
C00201,2,agent,2026-08-24T14:25:30,turno sintético 2
C00000,4,agent,2026-08-02T13:43:07,turno sintético 4
C00135,1,customer,2026-08-21T14:27:13,turno sintético 1
C00345,0,agent,2026-08-13T15:22:05,turno sintético 0
C00440,2,agent,2026-09-04T14:08:58,turno sintético 2
C00097,2,agent,2026-08-29T10:10:13,turno sintético 2
C00259,8,agent,2026-08-09T11:56:51,turno sintético 8
C00477,4,agent,2026-08-07T14:46:46,turno sintético 4
C00098,0,agent,2026-08-29T09:38:07,turno sintético 0
C00030,2,agent,2026-09-15T12:40:09,turno sintético 2
C00534,1,customer,2026-09-11T18:32:38,turno sintético 1
C00119,10,agent,2026-09-15T16:19:45,turno sintético 10
C00523,4,agent,2026-08-13T14:09:51,turno sintético 4
C00234,8,agent,2026-09-06T11:34:07,turno sintético 8
C00477,0,agent,2026-08-07T14:44:30,turno sintético 0
C00044,2,agent,2026-08-13T14:24:08,turno sintético 2
C00213,5,customer,2026-09-13T14:07:23,turno sintético 5
C00144,9,customer,2026-08-19T09:41:44,turno sintético 9
C00400,0,agent,2026-08-17T12:17:12,turno sintético 0
C00288,5,customer,2026-08-18T15:10:02,turno sintético 5
C00267,7,customer,2026-08-13T14:50:08,turno sintético 7
C00147,12,agent,2026-09-03T15:16:04,turno sintético 12
C00369,3,customer,2026-08-17T10:10:43,turno sintético 3
C00491,8,agent,2026-09-06T11:03:31,turno sintético 8
C00400,6,agent,2026-08-17T12:19:40,turno sintético 6
C00131,7,customer,2026-08-30T13:09:09,turno sintético 7
C00179,5,customer,2026-08-23T17:10:07,turno sintético 5
C00081,1,customer,2026-08-27T17:59:10,turno sintético 1
C00293,5,customer,2026-08-25T15:29:15,turno sintético 5
C00476,3,customer,2026-09-12T14:48:34,turno sintético 3
C00537,7,customer,2026-08-16T19:03:25,turno sintético 7
C00004,9,customer,2026-08-18T10:10:55,turno sintético 9
C00574,8,agent,2026-08-14T16:32:47,turno sintético 8
C00523,2,agent,2026-08-13T14:09:06,turno sintético 2
C00135,5,customer,2026-08-21T14:29:11,turno sintético 5
C00234,9,customer,2026-09-06T11:34:32,turno sintético 9
C00080,7,customer,2026-09-06T12:32:21,turno sintético 7
C00216,3,customer,2026-08-04T10:31:10,turno sintético 3
C00586,2,agent,2026-09-04T15:41:26,turno sintético 2
C00563,1,customer,2026-08-20T16:48:08,turno sintético 1
C00573,0,agent,2026-08-31T12:59:25,turno sintético 0
C00579,5,customer,2026-08-31T10:12:56,turno sintético 5
C00012,10,agent,2026-08-07T13:17:43,turno sintético 10
C00321,6,agent,2026-08-01T18:24:51,turno sintético 6
C00318,9,customer,2026-08-26T10:49:03,turno sintético 9
C00094,0,agent,2026-08-07T13:09:12,turno sintético 0
C00530,1,customer,2026-08-26T13:30:29,turno sintético 1
C00005,6,agent,2026-09-08T10:07:52,turno sintético 6
C00130,5,customer,2026-09-09T16:10:26,turno sintético 5
C00460,3,customer,2026-08-02T10:33:07,turno sintético 3
C00094,2,agent,2026-08-07T13:10:27,turno sintético 2
C00337,3,customer,2026-08-26T17:38:16,turno sintético 3
C00383,0,agent,2026-08-31T10:55:09,turno sintético 0
C00214,5,customer,2026-08-13T15:52:42,turno sintético 5
C00585,10,agent,2026-08-30T09:30:38,turno sintético 10
C00066,2,agent,2026-09-10T10:43:29,turno sintético 2
C00135,8,agent,2026-08-21T14:30:49,turno sintético 8
C00062,5,customer,2026-08-31T14:55:16,turno sintético 5
C00172,3,customer,2026-08-06T12:12:28,turno sintético 3
C00532,4,agent,2026-08-02T11:28:54,turno sintético 4
C00331,3,customer,2026-08-21T17:00:35,turno sintético 3
C00163,0,agent,2026-09-15T11:34:05,turno sintético 0
C00147,11,customer,2026-09-03T15:15:56,turno sintético 11
C00270,7,customer,2026-09-08T17:48:27,turno sintético 7
C00590,5,customer,2026-09-15T09:15:30,turno sintético 5
C00589,3,customer,2026-08-05T12:44:54,turno sintético 3
C00163,11,customer,2026-09-15T11:38:06,turno sintético 11
C00415,3,customer,2026-08-16T18:55:36,turno sintético 3
C00493,10,agent,2026-09-12T15:23:02,turno sintético 10
C00172,7,customer,2026-08-06T12:14:19,turno sintético 7
C00161,7,customer,2026-08-10T09:19:35,turno sintético 7
C00574,5,customer,2026-08-14T16:31:46,turno sintético 5
C00384,7,customer,2026-08-25T10:10:08,turno sintético 7
C00168,0,agent,2026-08-31T13:37:06,turno sintético 0
C00424,7,customer,2026-09-07T17:18:41,turno sintético 7
C00090,7,customer,2026-09-12T15:52:34,turno sintético 7
C00582,4,agent,2026-08-26T12:00:34,turno sintético 4
C00140,1,customer,2026-09-13T18:16:56,turno sintético 1
C00314,5,customer,2026-08-25T12:23:03,turno sintético 5
C00597,1,customer,2026-09-15T17:00:57,turno sintético 1
C00203,13,customer,2026-09-08T10:02:08,turno sintético 13
C00369,11,customer,2026-08-17T10:14:43,turno sintético 11
C00590,3,customer,2026-09-15T09:14:14,turno sintético 3
C00598,9,customer,2026-08-25T18:43:07,turno sintético 9
C00502,2,agent,2026-08-16T17:56:13,turno sintético 2
C00181,1,customer,2026-08-01T12:39:51,turno sintético 1
C00238,2,agent,2026-08-31T09:39:00,turno sintético 2
C00284,5,customer,2026-09-08T10:30:31,turno sintético 5
C00197,5,customer,2026-08-07T10:47:32,turno sintético 5
C00366,4,agent,2026-09-14T13:56:57,turno sintético 4
C00184,4,agent,2026-08-16T14:14:56,turno sintético 4
C00480,3,customer,2026-08-09T09:30:32,turno sintético 3
C00531,2,agent,2026-09-15T16:49:21,turno sintético 2
C00224,4,agent,2026-09-01T11:26:10,turno sintético 4
C00320,12,agent,2026-09-10T18:42:17,turno sintético 12
C00568,5,customer,2026-08-26T12:45:46,turno sintético 5
C00502,9,customer,2026-08-16T17:58:44,turno sintético 9
C00472,2,agent,2026-08-11T17:39:02,turno sintético 2
C00009,1,customer,2026-08-16T12:50:14,turno sintético 1
C00221,4,agent,2026-08-20T14:32:13,turno sintético 4
C00161,9,customer,2026-08-10T09:20:27,turno sintético 9
C00248,2,agent,2026-08-11T18:31:56,turno sintético 2
C00197,0,agent,2026-08-07T10:45:15,turno sintético 0
C00305,10,agent,2026-08-19T12:23:44,turno sintético 10
C00005,0,agent,2026-09-08T10:05:05,turno sintético 0
C00044,8,agent,2026-08-13T14:25:42,turno sintético 8
C00543,5,customer,2026-09-12T14:31:43,turno sintético 5
C00259,0,agent,2026-08-09T11:54:35,turno sintético 0
C00533,6,agent,2026-09-12T16:41:52,turno sintético 6
C00341,0,agent,2026-08-23T16:24:08,turno sintético 0
C00596,5,customer,2026-08-11T17:04:38,turno sintético 5
C00231,4,agent,2026-08-06T18:18:36,turno sintético 4
C00479,10,agent,2026-08-30T11:35:15,turno sintético 10
C00080,5,customer,2026-09-06T12:31:19,turno sintético 5
C00284,6,agent,2026-09-08T10:30:45,turno sintético 6
C00315,1,customer,2026-08-04T15:47:47,turno sintético 1
C00531,5,customer,2026-09-15T16:50:29,turno sintético 5
C00299,3,customer,2026-09-07T18:50:14,turno sintético 3
C00000,5,customer,2026-08-02T13:43:13,turno sintético 5
C00112,2,agent,2026-08-01T15:02:11,turno sintético 2
C00471,0,agent,2026-08-25T16:40:24,turno sintético 0
C00570,1,customer,2026-08-29T12:59:32,turno sintético 1
C00216,5,customer,2026-08-04T10:32:13,turno sintético 5
C00581,0,agent,2026-09-01T16:51:34,turno sintético 0
C00238,9,customer,2026-08-31T09:41:29,turno sintético 9
C00128,1,customer,2026-09-10T09:31:54,turno sintético 1
C00244,11,customer,2026-09-08T09:13:09,turno sintético 11
C00140,0,agent,2026-09-13T18:16:17,turno sintético 0
C00025,4,agent,2026-08-30T16:33:39,turno sintético 4
C00257,2,agent,2026-09-03T12:27:03,turno sintético 2
C00570,2,agent,2026-08-29T12:59:51,turno sintético 2
C00563,3,customer,2026-08-20T16:49:01,turno sintético 3
C00557,7,customer,2026-08-04T11:12:58,turno sintético 7
C00201,1,customer,2026-08-24T14:25:07,turno sintético 1
C00156,5,customer,2026-09-04T17:06:19,turno sintético 5
C00116,4,agent,2026-08-13T09:43:36,turno sintético 4
C00481,0,agent,2026-09-02T11:03:43,turno sintético 0
C00238,1,customer,2026-08-31T09:38:34,turno sintético 1
C00259,6,agent,2026-08-09T11:56:09,turno sintético 6
C00197,4,agent,2026-08-07T10:47:18,turno sintético 4
C00265,4,agent,2026-09-02T18:37:02,turno sintético 4
C00227,0,agent,2026-08-19T09:20:40,turno sintético 0
C00585,2,agent,2026-08-30T09:27:59,turno sintético 2
C00560,3,customer,2026-08-20T16:09:56,turno sintético 3
C00383,2,agent,2026-08-31T10:56:12,turno sintético 2
C00447,1,customer,2026-08-24T15:35:56,turno sintético 1
C00004,7,customer,2026-08-18T10:10:35,turno sintético 7
C00514,0,agent,2026-08-04T09:18:44,turno sintético 0
C00195,3,customer,2026-09-11T15:10:15,turno sintético 3
C00495,1,customer,2026-08-11T16:58:41,turno sintético 1
C00146,5,customer,2026-08-24T12:48:45,turno sintético 5
C00001,8,agent,2026-09-15T18:21:58,turno sintético 8
C00169,5,customer,2026-08-11T18:40:15,turno sintético 5
C00184,7,customer,2026-08-16T14:16:10,turno sintético 7
C00241,4,agent,2026-08-20T17:40:54,turno sintético 4
C00532,2,agent,2026-08-02T11:27:40,turno sintético 2
C00334,10,agent,2026-08-17T09:53:26,turno sintético 10
C00324,0,agent,2026-08-07T17:53:24,turno sintético 0
C00491,6,agent,2026-09-06T11:02:46,turno sintético 6
C00568,7,customer,2026-08-26T12:46:56,turno sintético 7
C00437,1,customer,2026-08-17T12:52:57,turno sintético 1
C00364,10,agent,2026-08-16T18:24:48,turno sintético 10
C00149,8,agent,2026-09-07T10:18:01,turno sintético 8
C00070,2,agent,2026-08-16T15:31:08,turno sintético 2
C00447,4,agent,2026-08-24T15:37:14,turno sintético 4
C00465,2,agent,2026-08-07T11:53:46,turno sintético 2
C00424,3,customer,2026-09-07T17:17:32,turno sintético 3
C00333,3,customer,2026-09-12T10:09:53,turno sintético 3
C00174,0,agent,2026-08-31T10:18:05,turno sintético 0
C00049,3,customer,2026-09-12T10:24:24,turno sintético 3
C00492,10,agent,2026-08-29T13:18:03,turno sintético 10
C00030,6,agent,2026-09-15T12:42:00,turno sintético 6
C00256,5,customer,2026-08-27T16:36:28,turno sintético 5
C00126,1,customer,2026-08-12T11:12:40,turno sintético 1
C00242,2,agent,2026-09-07T18:25:18,turno sintético 2
C00523,0,agent,2026-08-13T14:08:45,turno sintético 0
C00152,4,agent,2026-08-10T13:43:43,turno sintético 4
C00013,3,customer,2026-08-17T16:47:05,turno sintético 3
C00433,5,customer,2026-09-05T12:31:16,turno sintético 5
C00456,2,agent,2026-08-31T14:56:46,turno sintético 2
C00351,2,agent,2026-08-22T17:22:07,turno sintético 2
C00401,3,customer,2026-08-04T15:33:07,turno sintético 3
C00059,12,agent,2026-08-29T17:22:20,turno sintético 12
C00364,3,customer,2026-08-16T18:21:06,turno sintético 3
C00112,7,customer,2026-08-01T15:04:20,turno sintético 7
C00548,5,customer,2026-09-03T13:42:42,turno sintético 5
C00373,0,agent,2026-08-20T11:59:35,turno sintético 0
C00312,3,customer,2026-08-24T13:26:45,turno sintético 3
C00299,2,agent,2026-09-07T18:50:09,turno sintético 2
C00486,12,agent,2026-09-02T10:12:41,turno sintético 12
C00219,3,customer,2026-09-06T18:38:27,turno sintético 3
C00480,1,customer,2026-08-09T09:29:33,turno sintético 1
C00579,0,agent,2026-08-31T10:10:24,turno sintético 0
C00174,6,agent,2026-08-31T10:21:13,turno sintético 6
C00123,3,customer,2026-09-02T12:51:11,turno sintético 3
C00029,11,customer,2026-08-29T17:40:13,turno sintético 11
C00144,6,agent,2026-08-19T09:40:23,turno sintético 6
C00466,0,agent,2026-08-26T17:16:12,turno sintético 0
C00179,4,agent,2026-08-23T17:09:33,turno sintético 4
C00395,2,agent,2026-09-03T09:34:38,turno sintético 2
C00263,8,agent,2026-09-01T11:53:17,turno sintético 8
C00295,9,customer,2026-08-02T13:13:57,turno sintético 9
C00537,3,customer,2026-08-16T19:01:32,turno sintético 3
C00477,12,agent,2026-08-07T14:50:44,turno sintético 12
C00070,1,customer,2026-08-16T15:30:27,turno sintético 1
C00092,6,agent,2026-09-01T16:23:43,turno sintético 6
C00369,9,customer,2026-08-17T10:13:43,turno sintético 9
C00175,4,agent,2026-09-11T11:21:08,turno sintético 4
C00174,1,customer,2026-08-31T10:18:35,turno sintético 1
C00507,1,customer,2026-08-13T10:29:02,turno sintético 1
C00029,0,agent,2026-08-29T17:36:33,turno sintético 0
C00118,0,agent,2026-09-08T12:04:23,turno sintético 0
C00523,11,customer,2026-08-13T14:12:59,turno sintético 11
C00548,4,agent,2026-09-03T13:42:23,turno sintético 4
C00127,3,customer,2026-08-06T13:18:34,turno sintético 3
C00102,6,agent,2026-08-05T14:40:00,turno sintético 6
C00087,1,customer,2026-08-21T13:21:41,turno sintético 1
C00321,7,customer,2026-08-01T18:25:13,turno sintético 7
C00505,0,agent,2026-08-02T09:05:36,turno sintético 0
C00189,3,customer,2026-08-07T13:14:32,turno sintético 3
C00244,4,agent,2026-09-08T09:10:01,turno sintético 4
C00568,9,customer,2026-08-26T12:48:01,turno sintético 9
C00210,2,agent,2026-09-14T15:22:28,turno sintético 2
C00316,6,agent,2026-08-02T16:04:22,turno sintético 6
C00531,3,customer,2026-09-15T16:49:44,turno sintético 3
C00463,4,agent,2026-08-14T17:48:14,turno sintético 4
C00509,0,agent,2026-09-01T17:45:06,turno sintético 0
C00310,9,customer,2026-08-31T14:24:33,turno sintético 9
C00310,5,customer,2026-08-31T14:23:07,turno sintético 5
C00596,2,agent,2026-08-11T17:03:06,turno sintético 2
C00127,2,agent,2026-08-06T13:17:53,turno sintético 2
C00480,7,customer,2026-08-09T09:31:45,turno sintético 7
C00590,0,agent,2026-09-15T09:13:29,turno sintético 0
C00091,6,agent,2026-08-08T14:55:02,turno sintético 6
C00106,7,customer,2026-08-31T12:20:57,turno sintético 7
C00579,6,agent,2026-08-31T10:13:13,turno sintético 6
C00291,4,agent,2026-09-02T17:44:38,turno sintético 4
C00579,3,customer,2026-08-31T10:12:00,turno sintético 3
C00417,1,customer,2026-08-29T16:02:09,turno sintético 1
C00219,2,agent,2026-09-06T18:38:21,turno sintético 2
C00169,9,customer,2026-08-11T18:41:53,turno sintético 9
C00359,10,agent,2026-09-03T09:54:48,turno sintético 10
C00094,4,agent,2026-08-07T13:11:11,turno sintético 4
C00531,11,customer,2026-09-15T16:52:39,turno sintético 11
C00248,4,agent,2026-08-11T18:32:39,turno sintético 4
C00394,1,customer,2026-08-09T17:37:58,turno sintético 1
C00255,1,customer,2026-09-03T17:56:27,turno sintético 1
C00191,1,customer,2026-09-02T10:38:26,turno sintético 1
C00282,3,customer,2026-08-03T10:31:17,turno sintético 3
C00589,11,customer,2026-08-05T12:49:15,turno sintético 11
C00000,2,agent,2026-08-02T13:41:47,turno sintético 2
C00028,2,agent,2026-08-12T17:51:52,turno sintético 2
C00168,1,customer,2026-08-31T13:37:24,turno sintético 1
C00032,0,agent,2026-09-06T09:27:29,turno sintético 0
C00278,1,customer,2026-08-25T13:23:14,turno sintético 1
C00214,12,agent,2026-08-13T15:55:06,turno sintético 12
C00348,6,agent,2026-08-03T13:23:25,turno sintético 6
C00303,1,customer,2026-08-07T12:39:50,turno sintético 1
C00249,1,customer,2026-08-24T13:27:27,turno sintético 1
C00311,5,customer,2026-08-18T17:24:44,turno sintético 5
C00238,4,agent,2026-08-31T09:39:48,turno sintético 4
C00106,1,customer,2026-08-31T12:19:08,turno sintético 1
C00265,8,agent,2026-09-02T18:39:11,turno sintético 8
C00041,3,customer,2026-08-16T10:29:36,turno sintético 3
C00562,7,customer,2026-08-03T09:31:54,turno sintético 7
C00356,8,agent,2026-09-14T17:11:43,turno sintético 8
C00438,1,customer,2026-08-11T18:08:46,turno sintético 1
C00049,5,customer,2026-09-12T10:25:10,turno sintético 5
C00400,1,customer,2026-08-17T12:17:28,turno sintético 1
C00356,4,agent,2026-09-14T17:09:34,turno sintético 4
C00292,2,agent,2026-08-24T13:00:34,turno sintético 2
C00199,2,agent,2026-08-23T16:20:12,turno sintético 2
C00203,11,customer,2026-09-08T10:00:57,turno sintético 11
C00554,1,customer,2026-09-10T16:23:06,turno sintético 1
C00267,3,customer,2026-08-13T14:47:58,turno sintético 3
C00456,7,customer,2026-08-31T14:58:04,turno sintético 7
C00339,5,customer,2026-08-03T16:53:29,turno sintético 5
C00320,5,customer,2026-09-10T18:39:21,turno sintético 5
C00041,0,agent,2026-08-16T10:28:27,turno sintético 0
C00088,10,agent,2026-09-12T11:11:02,turno sintético 10
C00178,3,customer,2026-09-14T18:50:07,turno sintético 3
C00535,5,customer,2026-08-12T16:06:16,turno sintético 5
C00010,5,customer,2026-08-03T14:40:05,turno sintético 5
C00356,5,customer,2026-09-14T17:09:50,turno sintético 5
C00136,6,agent,2026-09-03T15:31:57,turno sintético 6
C00175,1,customer,2026-09-11T11:19:58,turno sintético 1
C00242,1,customer,2026-09-07T18:24:59,turno sintético 1
C00025,1,customer,2026-08-30T16:32:36,turno sintético 1
C00334,12,agent,2026-08-17T09:54:34,turno sintético 12
C00127,10,agent,2026-08-06T13:20:24,turno sintético 10
C00118,1,customer,2026-09-08T12:04:47,turno sintético 1
C00203,3,customer,2026-09-08T09:57:16,turno sintético 3
C00140,3,customer,2026-09-13T18:17:58,turno sintético 3
C00554,5,customer,2026-09-10T16:25:11,turno sintético 5
C00548,2,agent,2026-09-03T13:41:38,turno sintético 2
C00511,6,agent,2026-09-11T14:58:19,turno sintético 6
C00172,6,agent,2026-08-06T12:13:38,turno sintético 6
C00165,2,agent,2026-08-26T16:51:09,turno sintético 2
C00533,5,customer,2026-09-12T16:41:07,turno sintético 5
C00432,0,agent,2026-08-24T16:56:40,turno sintético 0
C00098,1,customer,2026-08-29T09:38:40,turno sintético 1
C00395,1,customer,2026-09-03T09:33:53,turno sintético 1
C00596,10,agent,2026-08-11T17:07:28,turno sintético 10
C00359,3,customer,2026-09-03T09:51:32,turno sintético 3
C00585,12,agent,2026-08-30T09:31:32,turno sintético 12
C00215,0,agent,2026-08-10T09:35:31,turno sintético 0
C00231,2,agent,2026-08-06T18:18:11,turno sintético 2
C00111,5,customer,2026-08-16T14:11:08,turno sintético 5
C00252,1,customer,2026-09-06T16:48:13,turno sintético 1
C00217,1,customer,2026-08-21T15:37:43,turno sintético 1
C00171,5,customer,2026-08-16T10:17:02,turno sintético 5
C00440,1,customer,2026-09-04T14:08:19,turno sintético 1
C00144,1,customer,2026-08-19T09:38:41,turno sintético 1
C00535,9,customer,2026-08-12T16:07:11,turno sintético 9
C00216,0,agent,2026-08-04T10:29:29,turno sintético 0
C00359,2,agent,2026-09-03T09:51:20,turno sintético 2
C00080,3,customer,2026-09-06T12:30:47,turno sintético 3
C00404,8,agent,2026-09-12T15:42:53,turno sintético 8
C00252,5,customer,2026-09-06T16:49:41,turno sintético 5
C00256,4,agent,2026-08-27T16:36:16,turno sintético 4
C00400,5,customer,2026-08-17T12:18:55,turno sintético 5
C00363,4,agent,2026-08-09T12:29:40,turno sintético 4
C00004,3,customer,2026-08-18T10:08:59,turno sintético 3
C00521,1,customer,2026-08-05T10:27:01,turno sintético 1
C00359,5,customer,2026-09-03T09:52:30,turno sintético 5
C00295,6,agent,2026-08-02T13:12:06,turno sintético 6
C00041,5,customer,2026-08-16T10:30:41,turno sintético 5
C00208,8,agent,2026-08-01T15:20:39,turno sintético 8
C00007,0,agent,2026-08-24T14:14:35,turno sintético 0
C00426,5,customer,2026-08-16T13:15:25,turno sintético 5
C00297,1,customer,2026-08-30T10:11:19,turno sintético 1
C00145,1,customer,2026-09-02T14:35:46,turno sintético 1
C00122,8,agent,2026-09-01T17:53:42,turno sintético 8
C00013,0,agent,2026-08-17T16:45:35,turno sintético 0
C00102,12,agent,2026-08-05T14:42:35,turno sintético 12
C00106,0,agent,2026-08-31T12:18:28,turno sintético 0
C00127,7,customer,2026-08-06T13:19:04,turno sintético 7
C00323,5,customer,2026-08-22T16:11:40,turno sintético 5
C00426,12,agent,2026-08-16T13:18:02,turno sintético 12
C00334,6,agent,2026-08-17T09:52:07,turno sintético 6
C00284,7,customer,2026-09-08T10:30:57,turno sintético 7
C00123,1,customer,2026-09-02T12:50:14,turno sintético 1
C00424,5,customer,2026-09-07T17:17:52,turno sintético 5
C00480,0,agent,2026-08-09T09:29:24,turno sintético 0
C00408,3,customer,2026-08-03T14:48:54,turno sintético 3
C00596,3,customer,2026-08-11T17:03:40,turno sintético 3
C00116,3,customer,2026-08-13T09:43:08,turno sintético 3
C00234,1,customer,2026-09-06T11:31:04,turno sintético 1
C00585,7,customer,2026-08-30T09:30:02,turno sintético 7
C00400,2,agent,2026-08-17T12:17:49,turno sintético 2
C00178,1,customer,2026-09-14T18:49:41,turno sintético 1
C00585,11,customer,2026-08-30T09:31:21,turno sintético 11
C00147,0,agent,2026-09-03T15:10:42,turno sintético 0
C00018,10,agent,2026-09-10T13:31:21,turno sintético 10
C00288,3,customer,2026-08-18T15:09:24,turno sintético 3
C00352,4,agent,2026-08-18T12:52:38,turno sintético 4
C00331,5,customer,2026-08-21T17:01:47,turno sintético 5
C00129,1,customer,2026-08-11T16:30:36,turno sintético 1
C00027,0,agent,2026-09-15T15:33:11,turno sintético 0
C00254,0,agent,2026-08-25T17:35:24,turno sintético 0
C00172,10,agent,2026-08-06T12:15:41,turno sintético 10
C00106,4,agent,2026-08-31T12:20:09,turno sintético 4
C00177,5,customer,2026-09-08T10:28:44,turno sintético 5
C00310,0,agent,2026-08-31T14:21:14,turno sintético 0
C00003,3,customer,2026-08-30T15:15:16,turno sintético 3
C00363,2,agent,2026-08-09T12:28:35,turno sintético 2
C00305,2,agent,2026-08-19T12:20:42,turno sintético 2
C00132,0,agent,2026-08-13T15:11:33,turno sintético 0
C00147,6,agent,2026-09-03T15:13:20,turno sintético 6
C00365,2,agent,2026-08-20T14:31:27,turno sintético 2
C00574,9,customer,2026-08-14T16:33:01,turno sintético 9
C00364,13,customer,2026-08-16T18:26:32,turno sintético 13
C00103,2,agent,2026-09-01T12:17:17,turno sintético 2
C00238,5,customer,2026-08-31T09:40:10,turno sintético 5
C00471,8,agent,2026-08-25T16:44:58,turno sintético 8
C00168,3,customer,2026-08-31T13:38:20,turno sintético 3
C00359,0,agent,2026-09-03T09:50:33,turno sintético 0
C00311,8,agent,2026-08-18T17:25:19,turno sintético 8
C00262,2,agent,2026-09-12T13:14:28,turno sintético 2
C00317,3,customer,2026-08-15T14:22:08,turno sintético 3
C00331,8,agent,2026-08-21T17:02:41,turno sintético 8
